record_id,item_type,publication_year,author,editor,title,publisher,place,language,isbn,doi,url,manual_tags
HOC-W0001,book,2018,,"Aasgaard, Reidar; Horn, Cornelia B.",Childhood in History: Perceptions of Children in the Ancient and Medieval Worlds,Routledge,Abingdon; New York,eng,978-1-4724-6892-5 978-1-317-16894-2 978-0-367-88082-8,10.4324/9781315571133,https://doi.org/10.4324/9781315571133,
HOC-W0002,book,2017,"Abraham, Erin V.",,"Anticipating Sin in Medieval Society: Childhood, Sexuality, and Violence in the Early Penitentials",Amsterdam University Press,Amsterdam,eng,978-90-485-3408-1 978-94-6298-371-7,10.5117/9789462983717,https://doi.org/10.5117/9789462983717,
HOC-W0003,book,2017,"Ackroyd, Julie",,"Child Actors on the London Stage, Circa 1600: Their Education, Recruitment and Theatrical Success",Sussex Academic Press,Brighton,eng,978-1-84519-848-0,10.2307/j.ctv3029vs3,https://doi.org/10.2307/j.ctv3029vs3,
HOC-W0005,book,2018,"Agyepong, Tera Eva",,"The Criminalization of Black Children: Race, Gender, and Delinquency in Chicago's Juvenile Justice System, 1899–1945",University of North Carolina Press,Chapel Hill,eng,978-1-4696-3644-3 978-1-4696-3865-2 978-1-4696-3867-6,10.5149/northcarolina/9781469636443.001.0001,https://doi.org/10.5149/northcarolina/9781469636443.001.0001,
HOC-W0006,book,2026,"Albon, Deborah; Palmer, Amy",,First Helpings: A History of Children and Food,Reaktion Books,,eng,978-1-83639-181-4 978-1-83639-231-6,,https://reaktionbooks.co.uk/work/first-helpings,
HOC-W0007,book,2017,"Allen, Ann Taylor",,The Transatlantic Kindergarten: Education and Women's Movements in Germany and the United States,Oxford University Press,New York,eng,978-0-19-027441-2 978-0-19-027443-6 978-0-19-027444-3,10.1093/acprof:oso/9780190274412.001.0001,https://doi.org/10.1093/acprof:oso/9780190274412.001.0001,
HOC-W0008,book,2018,"Altenbaugh, Richard J.",,Vaccination in America: Medical Science and Children’s Welfare,Palgrave Macmillan,Cham,eng,978-3-319-96348-8 978-3-319-96349-5 978-3-030-07179-0,10.1007/978-3-319-96349-5,https://doi.org/10.1007/978-3-319-96349-5,
HOC-W0009,book,2025,,"Amesberger, Helga; Embacher, Helga; Steinert, Johannes-Dieter",I Haven’t Even Told My Mother: Children as Victims of Sexual and Sexualised Violence in the Second World War and Its Aftermath,Edition Tandem,Salzburg,eng,978-3-903516-14-4,,https://editiontandem.at/buecher/i-havent-even-told-my-mother/,
HOC-W0010,book,2025,"Andersen, Margaret Cook",,Fertile Expectations: The Politics of Involuntary Childlessness in Twentieth-Century France,Manchester University Press,Manchester,eng,978-1-5261-7736-0 978-1-5261-7735-3,,https://manchesteruniversitypress.co.uk/9781526177360/,
HOC-W0011,book,2021,"Anderson, Elisabeth",,Agents of Reform: Child Labor and the Origins of the Welfare State,Princeton University Press,Princeton (N.J.) Oxford,eng,978-0-691-22089-5 978-0-691-22091-8,10.23943/princeton/9780691220895.001.0001,https://doi.org/10.23943/princeton/9780691220895.001.0001,
HOC-W0013,book,2020,,"Andrews, Maggie; Fleming, N. C.; Morris, Marcus","Histories, Memories and Representations of being Young in the First World War",Palgrave Macmillan,Cham,eng,978-3-030-49938-9 978-3-030-49939-6 978-3-030-49941-9,10.1007/978-3-030-49939-6,https://doi.org/10.1007/978-3-030-49939-6,
HOC-W0014,book,2025,"Anrich, Inès",,Filles en conflits : consentement et vocations religieuses,CNRS Éditions,,fre,978-2-271-15185-8,,https://www.cnrseditions.fr/catalogue/histoire/filles-en-conflits/,
HOC-W0015,book,2025,"Antošovská, Tereza",,A dark side of childhood in Roman society: Maltreatment and death in children’s lives,Masaryk University Press,Brno,eng,978-80-280-0765-2 978-80-280-0604-4,10.5817/CZ.MUNI.M280-0604-2025,https://doi.org/10.5817/CZ.MUNI.M280-0604-2025,
HOC-W0017,book,2023,,"Appel, Charlotte; Christensen, Nina; Grenby, M. O.","Transnational Books for Children 1750–1900: Producers, consumers, encounters",John Benjamins Publishing Company,Amsterdam; Philadelphia,eng,978-90-272-1378-5 978-90-272-5279-1,10.1075/clcc.15,https://doi.org/10.1075/clcc.15,
HOC-W0018,book,2022,"Aragón, Cecilia Josephine",,Borderlands Children’s Theatre: Historical Developments and Emergence of Chicana/o/Mexican-American Youth Theatre,Routledge,New York,eng,978-0-367-55919-9 978-1-003-09570-5,10.4324/9781003095705,https://doi.org/10.4324/9781003095705,
HOC-W0020,book,2018,,"Ariantzi, Despoina",Coming of Age in Byzantium: Adolescence and Society,De Gruyter,Berlin; Boston,eng; ger,978-3-11-057646-7 978-3-11-057649-8,10.1515/9783110576498,https://doi.org/10.1515/9783110576498,
HOC-W0022,book,2025,"Arndt, Melanie",,Chernobyl Children: A Transnational History of a Nuclear Disaster,Cambridge University Press,Cambridge,eng,978-1-009-45775-0 978-1-009-45776-7,10.1017/9781009457750,https://doi.org/10.1017/9781009457750,
HOC-W0024,book,2022,,"Asai, Haruo; Kawamitsu, Akira; Hirai, Mitsuko; Honjō, Yutaka; Mizuno, Kiyoshi",事典 太平洋戦争と子どもたち,Yoshikawa Kōbunkan,Tōkyō,jpn,978-4-642-08414-7,,https://ndlsearch.ndl.go.jp/books/R100000002-I032263538,
HOC-W0025,book,2020,,"Asai, Haruo; Kawamitsu, Akira; Hirai, Mitsuko; Honjō, Yutaka; Mizuno, Kiyoshi",戦争孤児たちの戦後史,Yoshikawa Kōbunkan,Tokyo,jpn,978-4-642-06857-4 978-4-642-06858-1 978-4-642-06859-8,,https://cir.nii.ac.jp/crid/1970867909848768129,
HOC-W0026,book,2025,"Astbury, Leah",,Making Babies in Early Modern England,Cambridge University Press,Cambridge,eng,978-1-009-60284-6 978-1-009-60286-0,10.1017/9781009602846,https://doi.org/10.1017/9781009602846,
HOC-W0027,book,2022,"Austin, Sara",,Monstrous Youth: Transgressing the Boundaries of Childhood in the United States,Ohio State University Press,Columbus,eng,978-0-8142-1516-6 978-0-8142-5834-7 978-0-8142-8211-3,,https://ohiostatepress.org/books/titles/9780814215166.html,
HOC-W0028,book,2022,"Baackmann, Susanne",,Writing the Child: Fictions of Memory in German Postwar Literature,Peter Lang,Oxford; Bern; Berlin; Bruxelles; New York; Wien,eng,978-1-78707-722-5 978-1-78707-723-2 978-1-78707-724-9 978-1-78707-725-6,10.3726/b11408,https://doi.org/10.3726/b11408,
HOC-W0029,book,2019,"Bachynski, Kathleen",,No Game for Boys to Play: The History of Youth Football and the Origins of a Public Health Crisis,University of North Carolina Press,Chapel Hill,eng,978-1-4696-5369-3 978-1-4696-5370-9 978-1-4696-5372-3,10.5149/northcarolina/9781469653709.001.0001,https://doi.org/10.5149/northcarolina/9781469653709.001.0001,
HOC-W0034,book,2018,"Balanzategui, Jessica",,The Uncanny Child in Transnational Cinema: Ghosts of Futurity at the Turn of the Twenty-first Century,Amsterdam University Press,Amsterdam,eng,978-90-485-3779-2 978-94-6298-651-0,10.1515/9789048537792,https://doi.org/10.1515/9789048537792,
HOC-W0035,book,2022,"Baldi, Gregory",,"Ideas, Institutions, and the Politics of Schools in Postwar Britain and Germany",Palgrave Macmillan,Cham,eng,978-3-030-98155-6 978-3-030-98156-3 978-3-030-98158-7,10.1007/978-3-030-98156-3,https://doi.org/10.1007/978-3-030-98156-3,
HOC-W0036,book,2021,,"Balina, Marina; Oushakine, Serguei A.",The Pedagogy of Images: Depicting Communism for Children,University of Toronto Press,Toronto ; Buffalo ; London,eng,978-1-4875-0668-1 978-1-4875-3465-3,10.3138/9781487534653,https://doi.org/10.3138/9781487534653,
HOC-W0037,book,2022,,"Balina, Marina; Rudova, Larissa; Kostetskaya, Anastasia",Historical and Cultural Transformations of Russian Childhood: Myths and Realities,Routledge,"Abingdon, Oxon ; New York, NY",eng,978-1-032-22796-2 978-1-000-78067-3 978-1-032-22799-3,10.4324/9781003274223,https://doi.org/10.4324/9781003274223,
HOC-W0038,book,2021,"Bar-Haim, Shaul",,"The Maternalists: Psychoanalysis, Motherhood, and the British Welfare State",University of Pennsylvania Press,"Philadelphia, PA",eng,978-0-8122-5315-3 978-0-8122-9964-9 978-1-5128-2605-0,10.9783/9780812299649,https://doi.org/10.9783/9780812299649,
HOC-W0039,book,2017,,"Barclay, Katie; Reynolds, Kimberley; Rawnsley, Ciara","Death, Emotion and Childhood in Premodern Europe",Palgrave Macmillan,London,eng,978-1-137-57198-4 978-1-137-57199-1,10.1057/978-1-137-57199-1,https://doi.org/10.1057/978-1-137-57199-1,
HOC-W0040,book,2017,,"Baron, Nick","Displaced Children in Russia and Eastern Europe, 1915–1953: Ideologies, Identities, Experiences",Brill,Leiden ; Boston,eng,978-90-04-17530-3 978-90-04-31074-2,10.1163/9789004310742,https://doi.org/10.1163/9789004310742,
HOC-W0041,book,2017,"Barr-Melej, Patrick",,"Psychedelic Chile: Youth, Counterculture, and Politics on the Road to Socialism and Dictatorship",University of North Carolina Press,Chapel Hill,eng,978-1-4696-3256-8 978-1-4696-3257-5 978-1-4696-3258-2 978-1-4696-3259-9,10.5149/northcarolina/9781469632575.001.0001,https://doi.org/10.5149/northcarolina/9781469632575.001.0001,
HOC-W0042,book,2020,"Bartrop, Paul R.; Grimm, Eve E.",,Children of the Holocaust,ABC-CLIO,"Santa Barbara, CA",eng,978-1-4408-6852-8 978-1-4408-6853-5 979-8-216-05985-1,,https://www.bloomsbury.com/us/children-of-the-holocaust-9781440868528/,
HOC-W0043,book,2021,"Basannavar, Nick",,Sexual Violence Against Children in Britain Since 1965: Trailing Abuse,Palgrave Macmillan,Cham,eng,978-3-030-83147-9 978-3-030-83148-6 978-3-030-83150-9,10.1007/978-3-030-83148-6,https://doi.org/10.1007/978-3-030-83148-6,
HOC-W0044,book,2023,"Baudoin, Marie","McClive, Cathy",The Art of Childbirth: A Seventeenth-Century Midwife’s Epistolary Treatise to Doctor Vallant: A Bilingual Edition,Iter Press,Toronto,eng,978-1-64959-078-7 978-1-64959-079-4,,https://iterpress.org/9781649590794/the-art-of-childbirth/,
HOC-W0045,book,2021,"Baughan, Emily",,"Saving the Children: Humanitarianism, Internationalism, and Empire",University of California Press,"Oakland, CA",eng,978-0-520-34371-9 978-0-520-34372-6 978-0-520-97511-8,,https://www.ucpress.edu/books/saving-the-children/hardcover,
HOC-W0046,book,2020,"Baun, Dylan",,"Winning Lebanon: Youth Politics, Populism, and the Production of Sectarian Violence, 1920–1958",Cambridge University Press,Cambridge ; New York,eng,978-1-108-49152-5 978-1-108-86323-0 978-1-108-79839-6,10.1017/9781108863230,https://doi.org/10.1017/9781108863230,
HOC-W0047,book,2019,"Baxter, Jane Eva",,The Archaeology of American Childhood and Adolescence,University Press of Florida,"Gainesville, FL",eng,978-0-8130-5609-8,,https://floridapress.org/9780813056098/the-archaeology-of-american-childhood-and-adolescence/,
HOC-W0048,book,2021,,"Beaumont, Lesley A.; Dillon, Matthew; Harrington, Nicola",Children in Antiquity: Perspectives and Experiences of Childhood in the Ancient Mediterranean,Routledge,"Abingdon, Oxon ; New York, NY",eng,978-1-138-78086-6 978-1-315-54281-2 978-0-367-61999-2,10.4324/9781315542812,https://doi.org/10.4324/9781315542812,
HOC-W0049,book,2025,"Beecher, Ruth",,"Community Health Practitioners and Child Sexual Abuse in the Family, 1970s-2010s",Palgrave Macmillan,Cham,eng,978-3-031-80051-1 978-3-031-80052-8 978-3-031-80054-2,10.1007/978-3-031-80052-8,https://doi.org/10.1007/978-3-031-80052-8,
HOC-W0050,book,2022,"Bellido, Jose; Bowrey, Kathy",,"Adventures in Childhood: Intellectual Property, Imagination and the Business of Play",Cambridge University Press,Cambridge ; New York,eng,978-1-108-48591-3 978-1-108-72534-7 978-1-108-64196-8,10.1017/9781108641968,https://doi.org/10.1017/9781108641968,
HOC-W0052,book,2024,"Bennett, Rachel E.",,"Motherhood Confined: Maternal Health in English Prisons, 1853–1955",Manchester University Press,Manchester,eng,978-1-5261-6679-1 978-1-5261-6681-4,10.7765/9781526166814,https://doi.org/10.7765/9781526166814,
HOC-W0053,book,2024,"Bercé, Yves-Marie",,Les destins des enfants prodiges: XVIe–XVIIIe siècle,Les Éditions du Cerf,,fre,978-2-204-13496-5,,https://www.editionsducerf.fr/librairie/les-destins-des-enfants-prodiges/,
HOC-W0054,book,2019,,"Berghel, Susan Eckelmann; Fieldston, Sara; Renfro, Paul M.",Growing Up America: Youth and Politics since 1945,University of Georgia Press,"Athens, GA",eng,978-0-8203-5663-1 978-0-8203-5664-8 978-0-8203-7118-4,,https://www.ugapress.org/9780820356631/growing-up-america/,
HOC-W0055,book,2019,,"Berner, Tali; Underwood, Lucy","Childhood, Youth and Religious Minorities in Early Modern Europe",Palgrave Macmillan,Cham,eng,978-3-030-29198-3 978-3-030-29199-0 978-3-030-29201-0,10.1007/978-3-030-29199-0,https://doi.org/10.1007/978-3-030-29199-0,
HOC-W0056,book,2019,"Berry, Helen",,Orphans of Empire: The Fate of London's Foundlings,Oxford University Press,Oxford,eng,978-0-19-875848-8 978-0-19-886029-7,,https://global.oup.com/academic/product/orphans-of-empire-9780198860297,
HOC-W0058,book,2019,,"Betsworth, Sharon; Parker, Julie Faith",T&T Clark Handbook of Children in the Bible and the Biblical World,Bloomsbury Academic,"London ; New York, NY",eng,978-0-567-67257-5 978-0-567-67259-9 978-0-567-67258-2 978-0-567-71658-3,10.5040/9780567672568,https://doi.org/10.5040/9780567672568,
HOC-W0059,book,2026,"Bezark, Michelle",,Making Babies Count: The Sheppard-Towner Act and Building the Modern Administrative State,Cambridge University Press,"Cambridge ; New York, NY",eng,978-1-009-63464-9 978-1-009-63463-2 978-1-009-63466-3,10.1017/9781009634649,https://doi.org/10.1017/9781009634649,
HOC-W0060,book,2020,"Bickford, Tyler",,Tween Pop: Children’s Music and Public Culture,Duke University Press,"Durham, NC",eng,978-1-4780-0685-5 978-1-4780-0819-4 978-1-4780-0917-7,10.1215/9781478009177,https://doi.org/10.1215/9781478009177,
HOC-W0062,book,2024,,"Björklund, Elisabet; Jülich, Solveig",Rethinking the Public Fetus: Historical Perspectives on the Visual Culture of Pregnancy,University of Rochester Press,"Rochester, NY",eng,978-1-64825-071-2 978-1-80543-140-4,10.1515/9781805431404,https://doi.org/10.1515/9781805431404,
HOC-W0063,book,2020,"Blanchard, Véronique; Gardet, Mathias",,"La parole est aux accusés: Histoires d’une jeunesse sous surveillance, 1950–1960",Textuel,Paris,fre,978-2-84597-837-9,,https://www.editionstextuel.com/livre/la_parole_est_aux_accuses,
HOC-W0064,book,2017,"Blanchard, Véronique; Gardet, Mathias",,Mauvaise graine: Deux siècles d’histoire de la justice des enfants,Textuel,Paris,fre,978-2-84597-592-7,,https://www.editionstextuel.com/livre/mauvaise-graine,
HOC-W0065,book,2019,"Bland, Lucy",,Britain’s ‘brown babies’: The Stories of Children Born to Black GIs and White Women in the Second World War,Manchester University Press,Manchester,eng,978-1-5261-3326-7 978-1-5261-3327-4 978-1-5261-5405-7 978-1-5261-6011-9,10.7765/9781526154057,https://doi.org/10.7765/9781526154057,
HOC-W0066,book,2017,"Bleeke, Marian",,"Motherhood and Meaning in Medieval Sculpture: Representations from France, c. 1100–1500",Boydell Press,"Woodbridge, Suffolk",eng,978-1-78327-250-1 978-1-78744-082-1,10.1017/9781787440821,https://doi.org/10.1017/9781787440821,
HOC-W0067,book,2022,"Boag, Peter",,Pioneering Death: The Violence of Boyhood in Turn-of-the-Century Oregon,Center for the Study of the Pacific Northwest in association with University of Washington Press,Seattle,eng,978-0-295-74998-3 978-0-295-74999-0 978-0-295-75063-7,10.1515/9780295749990,https://doi.org/10.1515/9780295749990,
HOC-W0072,book,2026,,"Bolton, Kirsty; Sisson, Lauren","Motherhood in the Medieval World: Mothers in Literary and Textual Sources, c. 300–1400",Brepols,Turnhout,eng,978-2-503-61606-3 978-2-503-61607-0,10.1484/M.GEN-EB.5.143412,https://doi.org/10.1484/M.GEN-EB.5.143412,
HOC-W0073,book,2022,"Bomback, Andrew",,"Long Days, Short Years: A Cultural History of Modern Parenting",The MIT Press,"Cambridge, MA",eng,978-0-262-04715-9 978-0-262-37081-3,,https://mitpress.mit.edu/9780262047159/long-days-short-years/,
HOC-W0075,book,2023,,"Borge, Baard Herman; Kleinau, Elke; Ødegaard, Ingvill Constanze",Children and Youth at Risk in Times of Transition: International and Interdisciplinary Perspectives,De Gruyter Oldenbourg,Berlin; Boston,eng,978-3-11-100963-6 978-3-11-101064-9 978-3-11-101211-7,10.1515/9783111010649,https://doi.org/10.1515/9783111010649,
HOC-W0076,book,2020,"Borland, Janet",,Earthquake Children: Building Resilience from the Ruins of Tokyo,Harvard University Asia Center,"Cambridge, MA",eng,978-0-674-24782-6 978-0-674-24783-3,10.1163/9781684176212,https://doi.org/10.1163/9781684176212,
HOC-W0079,book,2021,,"Bowden, Caroline; Vine, Emily; Whitehouse, Tessa",Religion and Life Cycles in Early Modern England,Manchester University Press,Manchester,eng,978-1-5261-4923-7 978-1-5261-4922-0,10.7765/9781526149244,https://doi.org/10.7765/9781526149244,
HOC-W0080,book,2018,,"Boylan, Ciara; Gallagher, Ciara","Constructions of the Irish Child in the Independence Period, 1910–1940",Palgrave Macmillan,Cham,eng,978-3-319-92821-0 978-3-319-92822-7 978-3-030-06525-6,10.1007/978-3-319-92822-7,https://doi.org/10.1007/978-3-319-92822-7,
HOC-W0081,book,2022,"Bradford, Anita Casavantes",,Suffer the Little Children: Child Migration and the Geopolitics of Compassion in the United States,University of North Carolina Press,Chapel Hill,eng,978-1-4696-6763-8 978-1-4696-6764-5 978-1-4696-6917-5 978-1-4696-6765-2,10.5149/northcarolina/9781469669175.001.0001,https://doi.org/10.5149/northcarolina/9781469669175.001.0001,
HOC-W0085,book,2018,,"Brandow-Faller, Megan","Childhood by Design: Toys and the Material Culture of Childhood, 1700-Present",Bloomsbury Visual Arts,New York; London; Oxford; New Delhi; Sydney,eng,978-1-5013-3202-9 978-1-5013-3203-6 978-1-5013-3204-3 978-1-5013-5889-0,10.5040/9781501332968,https://doi.org/10.5040/9781501332968,
HOC-W0086,book,2017,"Brickman, Barbara Jane",,"Grease: Gender, Nostalgia and Youth Consumption in the Blockbuster Era",Routledge,London,eng,978-1-138-68271-9 978-1-134-82574-5 978-1-134-82581-3 978-0-367-73564-7,10.4324/9781315544946,https://doi.org/10.4324/9781315544946,
HOC-W0087,book,2025,"Briggs, Jonathyne",,Perpetual Children: The Politics of Autism in France since 1950,Oxford University Press,"New York, NY",eng,978-0-19-768297-5 978-0-19-768300-2,10.1093/9780197683002.001.0001,https://doi.org/10.1093/9780197683002.001.0001,
HOC-W0088,book,2020,"Briggs, Laura",,Taking Children: A History of American Terror,University of California Press,"Oakland, California",eng,978-0-520-34367-2 978-0-520-38577-1 978-0-520-97507-1,10.1525/9780520975071,https://doi.org/10.1525/9780520975071,
HOC-W0251,book,2024,,"Brinson, Charmian; Nyburg, Anna",Innocence and Experience: Childhood and the Refugees from Nazism in Britain,Peter Lang,Oxford,eng,978-1-80079-949-3 978-1-80079-950-9 978-1-80079-951-6,10.3726/b19969,https://www.peterlang.com/document/1299413,
HOC-W0089,book,2023,"Brioni, Cecilia",,"Fashioning Italian Youth: Young People's Identity and Style in Italian Popular Culture, 1958–75",Manchester University Press,Manchester,eng,978-1-5261-6200-7 978-1-5261-6199-4,10.7765/9781526162007,https://doi.org/10.7765/9781526162007,
HOC-W0091,book,2019,"Brooke-Smith, James",,"Gilded Youth: Privilege, Rebellion and the British Public School",Reaktion Books,London,eng,978-1-78914-066-8 978-1-78914-092-7,,https://reaktionbooks.co.uk/work/gilded-youth,
HOC-W0093,book,2025,,"Brown, Noel",Radical Children's Film and Television,Edinburgh University Press,Edinburgh,eng,978-1-3995-3605-9 978-1-3995-3607-3 978-1-3995-3608-0,10.1515/9781399536073,https://doi.org/10.1515/9781399536073,
HOC-W0094,book,2022,,"Brown, Noel",The Oxford Handbook of Children's Film,Oxford University Press,Oxford,eng,978-0-19-093935-9 978-0-19-093938-0,10.1093/oxfordhb/9780190939359.001.0001,https://doi.org/10.1093/oxfordhb/9780190939359.001.0001,
HOC-W0096,book,2021,"Bruce, Emily C.",,Revolutions at Home: The Origin of Modern Childhood and the German Middle Class,University of Massachusetts Press,Amherst,eng,978-1-62534-563-9 978-1-62534-562-2 978-1-61376-814-3,10.2307/j.ctv1x675w9,https://doi.org/10.2307/j.ctv1x675w9,
HOC-W0156,book,2020,,"Bryant Davies, Rachel; Gribling, Barbara","Pasts at Play: Childhood Encounters with History in British Culture, 1750–1914",Manchester University Press,Manchester,eng,978-1-5261-2889-8; 978-1-5261-2890-4; 978-1-5261-2891-1,10.7765/9781526128904,https://doi.org/10.7765/9781526128904,
HOC-W0098,book,2026,"Bryant, Kelly M. Duke",,"Negotiating Childhood: French Colonialism and African Children in Senegal, 1848–1940",University of Massachusetts Press,Amherst,eng,978-1-62534-922-4 978-1-62534-921-7 978-1-68575-202-6 978-1-68575-203-3,10.65516/9781685752033,https://doi.org/10.65516/9781685752033,
HOC-W0102,book,2025,"Burke, Lois",,"Late-Victorian Girls and Their Manuscript Magazines: Girlhood and Textual Transformation in Britain, 1860–1900",Palgrave Macmillan,Cham,eng,978-3-031-86523-7 978-3-031-86524-4,10.1007/978-3-031-86524-4,https://doi.org/10.1007/978-3-031-86524-4,
HOC-W0019,book,2025,,"Burn, Andrew; Potter, John; Cowan, Kate; Bishop, Julia",Playing the Archive: From the Opies to the digital playground,UCL Press,London,eng,978-1-80008-374-5 978-1-80008-375-2 978-1-80008-376-9 978-1-80008-377-6,10.14324/111.9781800083745,https://doi.org/10.14324/111.9781800083745,
HOC-W0104,book,2018,,"Bush, William S.; Tanenhaus, David S.",Ages of Anxiety: Historical and Transnational Perspectives on Juvenile Justice,New York University Press,New York,eng,978-1-4798-3321-4 978-1-4798-1667-5,10.18574/nyu/9781479865802.001.0001,https://doi.org/10.18574/nyu/9781479865802.001.0001,
HOC-W0105,book,2020,"Byford, Andy",,Science of the Child in Late Imperial and Early Soviet Russia,Oxford University Press,Oxford,eng,978-0-19-882505-0 978-0-19-186373-8,10.1093/oso/9780198825050.001.0001,https://doi.org/10.1093/oso/9780198825050.001.0001,
HOC-W0106,book,2022,"Cadbury, Deborah",,The School That Escaped the Nazis: The True Story of the Schoolteacher Who Defied Hitler,PublicAffairs,New York,eng,978-1-5417-5120-0,,https://www.hachettebookgroup.com/titles/deborah-cadbury/the-school-that-escaped-the-nazis/9781541751200/?lens=publicaffairs,
HOC-W0107,book,2020,,"Cadwallader, Robin L.; D'Amico, LuElla",Reading Transatlantic Girlhood in the Long Nineteenth Century,Routledge,Abingdon; New York,eng,978-0-367-27496-2 978-1-003-04775-9,10.4324/9781003047759,https://doi.org/10.4324/9781003047759,
HOC-W0109,book,2024,,"Cannon, Maria; Tisdall, Laura",Adulthood in Britain and the United States from 1350 to Generation Z,University of London Press,London,eng,978-1-908590-83-1 978-1-908590-82-4 978-1-915249-84-5,10.14296/tpsq9748,https://doi.org/10.14296/tpsq9748,
HOC-W0110,book,2024,"Carlson, Jessamy",,"Approved Schools for Girls in England, 1933–1973: ‘Girls will be Girls’",Palgrave Macmillan,Cham,eng,978-3-031-65107-6 978-3-031-65108-3,10.1007/978-3-031-65108-3,https://doi.org/10.1007/978-3-031-65108-3,
HOC-W0111,book,2021,"Carroll, Jane Suzanne",,British Children's Literature and Material Culture: Commodities and Consumption 1850–1914,Bloomsbury Academic,London; New York,eng,978-1-350-20178-1 978-1-350-20182-8,,https://www.bloomsbury.com/au/british-childrens-literature-and-material-culture-9781350201781/,
HOC-W0112,book,2018,"Carroll, Maureen",,Infancy and Earliest Childhood in the Roman World: ‘A Fragment of Time’,Oxford University Press,Oxford,eng,978-0-19-968763-3 978-0-19-184180-4,10.1093/oso/9780199687633.001.0001,https://doi.org/10.1093/oso/9780199687633.001.0001,
HOC-W0113,book,2026,"Carter, Sarah",,Twins and Duality in Early Modern Representation,Routledge,,eng,978-1-041-08581-2,,https://www.routledge.com/Twins-and-Duality-in-Early-Modern-Representation/Carter/p/book/9781041085812,
HOC-W0114,book,2018,"Carter, Sarah Anne",,Object Lessons: How Nineteenth-Century Americans Learned to Make Sense of the Material World,Oxford University Press,"New York, NY",eng,978-0-19-022503-2 978-0-19-090831-7,10.1093/oso/9780190225032.001.0001,https://doi.org/10.1093/oso/9780190225032.001.0001,
HOC-W0115,book,2017,"Cassidy, Margaret",,"Children, Media, and American History: Printed Poison, Pernicious Stuff, and Other Terrible Temptations",Routledge,"New York, NY",eng,978-1-138-84992-1 978-1-315-72511-6,10.4324/9781315725116,https://doi.org/10.4324/9781315725116,
HOC-W0116,book,2019,"Cecire, Maria Sachiko",,Re-Enchanted: The Rise of Children's Fantasy Literature in the Twentieth Century,University of Minnesota Press,Minneapolis,eng,978-1-4529-5943-6 978-1-5179-0658-0 978-1-5179-0657-3,,https://www.upress.umn.edu/9781452959436/re-enchanted/,
HOC-W0118,book,2021,"Chapdelaine, Robin Phylisia",,The Persistence of Slavery: An Economic History of Child Trafficking in Nigeria,University of Massachusetts Press,Amherst; Boston,eng,978-1-62534-524-0 978-1-61376-774-0,10.2307/j.ctv1ghv43s,https://www.umasspress.com/9781625345240/the-persistence-of-slavery/,
HOC-W0119,book,2021,"Chapman, Giles",,"Britain’s Toy Car Wars: The War of Wheels Between Dinky, Corgi and Matchbox",The History Press,Stroud,eng,978-0-7509-9713-3 978-0-7509-9909-0,,https://thehistorypress.co.uk/publication/britains-toy-car-wars/,
HOC-W0120,book,2021,"Chapron, Emmanuelle",,Livres d’école et littérature de jeunesse en France au XVIIIe siècle,Liverpool University Press for the Voltaire Foundation,Liverpool,fre,978-1-80034-803-5,,https://www.rijksmuseum.nl/en/collection/publication/Livres-decole-et-litterature-de-jeunesse-en-France-au-XVIIIe-siecle--cd61aa97264737b7fd4402122fc5decb,
HOC-W0121,book,2018,"Cheek, Richard",,"Playing Soldier: The Books and Toys That Prepared Children for War, 1871–1918",The Grolier Club,New York,eng,978-1-60583-076-6,,https://press.uchicago.edu/ucp/books/book/distributed/P/bo182665139.html,
HOC-W0122,book,2019,"Chen, Shih-Wen Sue",,"Children's Literature and Transnational Knowledge in Modern China: Education, Religion, and Childhood",Palgrave Macmillan,Singapore,eng,978-981-13-6082-4 978-981-13-6083-1,10.1007/978-981-13-6083-1,https://doi.org/10.1007/978-981-13-6083-1,
HOC-W0124,book,2019,"Ciani, Kyle E.",,"Choosing to Care: A Century of Childcare and Social Reform in San Diego, 1850–1950",University of Nebraska Press,"Lincoln, NE",eng,978-1-4962-1459-1 978-1-4962-1676-2 978-1-4962-1678-6,,https://www.nebraskapress.unl.edu/nebraska/9781496214591/choosing-to-care/,
HOC-W0126,book,2022,"Clarke, Frances M.; Plant, Rebecca Jo",,Of Age: Boy Soldiers and Military Power in the Civil War Era,Oxford University Press,"New York, NY",eng,978-0-19-760-104-4 978-0-19-760-106-8 978-0-19-760-107-5,10.1093/oso/9780197601044.001.0001,https://doi.org/10.1093/oso/9780197601044.001.0001,
HOC-W0127,book,2026,"Cleghorn, Elinor",,A Woman's Work: Reclaiming the Radical History of Mothering,Dutton,"New York, NY",eng,978-0-593-47270-5 978-0-593-47271-2,,https://www.penguinrandomhouse.com/books/715994/a-womans-work-by-elinor-cleghorn/,
HOC-W0128,book,2020,"Clifford, Rebecca",,Survivors: Children's Lives After the Holocaust,Yale University Press,New Haven,eng,978-0-300-24332-1 978-0-300-25585-0 978-0-300-26470-8,10.2307/j.ctv14rmq4g,https://doi.org/10.2307/j.ctv14rmq4g,
HOC-W0129,book,2018,,"Cohen, Elizabeth S.; Reeves, Margaret Louise",The Youth of Early Modern Women,Amsterdam University Press,Amsterdam,eng,978-94-6298-432-5 978-90-485-3498-2,10.2307/j.ctv8pzd5z,https://doi.org/10.2307/j.ctv8pzd5z,
HOC-W0130,book,2023,"Cohen, Michèle",,Changing Pedagogies for Children in Eighteenth-Century England,Boydell Press,Woodbridge,eng,978-1-83765-069-9 978-1-80543-036-0 978-1-80543-035-3,,https://boydellandbrewer.com/book/changing-pedagogies-for-children-in-eighteenth-century-england-9781837650699/,
HOC-W0131,book,2021,"Cojocaru, Oana-Maria",,Byzantine Childhood: Representations and Experiences of Children in Middle Byzantine Society,Routledge,"Abingdon, Oxon; New York, NY",eng,978-0-367-33211-2 978-1-032-06344-7 978-0-429-31849-8,10.4324/9780429318498,https://doi.org/10.4324/9780429318498,
HOC-W0108,book,2024,,"Colbert Cairns, Emily; Romero-Díaz, Nieves",Early Modern Maternities in the Iberian Atlantic,Amsterdam University Press,Amsterdam,eng,978-94-6372-729-7 978-90-485-5786-8,10.1515/9789048557868,https://doi.org/10.1515/9789048557868,
HOC-W0132,book,2023,"Collins, Jane-Marie",,"Emancipatory Narratives & Enslaved Motherhood: Bahia, Brazil, 1830–1888",Liverpool University Press,Liverpool,eng,978-1-80085-692-9 978-1-80207-241-9,10.3828/liverpool/9781800856929.001.0001,https://doi.org/10.3828/liverpool/9781800856929.001.0001,
HOC-W0133,book,2023,"Collins, Ross F.",,"Children, War and Propaganda: Revised Edition",Peter Lang,New York; Bern; Berlin; Bruxelles; Oxford; Wien,eng,978-1-4331-9677-5 978-1-4331-9678-2 978-1-4331-9679-9 978-1-4331-9680-5,10.3726/b20424,https://doi.org/10.3726/b20424,
HOC-W0135,book,2024,"Comacchio, Cynthia R.; Sutherland, Neil",,"Ring Around the Maple: A Sociocultural History of Children and Childhoods in Canada, 19th and 20th Centuries",Wilfrid Laurier University Press,"Waterloo, Ontario",eng,978-1-77112-615-1 978-1-77112-616-8 978-1-77112-617-5,,https://readthinkknow.ca/Books/R/Ring-Around-the-Maple,
HOC-W0136,book,2026,,"Commend, Susanne","Enfance et handicap: Discrimination, pouvoir d’agir, inclusion",Presses universitaires de Rennes,Rennes,fre,979-10-413-1046-3 979-10-413-1264-1,,https://pur-editions.fr/product/11320/enfance-et-handicap,
HOC-W0138,book,2018,"Connolly, Cynthia A.",,Children and Drug Safety: Balancing Risk and Protection in Twentieth-Century America,Rutgers University Press,"New Brunswick, NJ",eng,978-0-8135-6387-9 978-0-8135-6388-6 978-0-8135-7523-0 978-0-8135-6389-3,,https://www.rutgersuniversitypress.org/children-and-drug-safety/9780813563886,
HOC-W0139,book,2020,,"Cook, Daniel Thomas",The SAGE Encyclopedia of Children and Childhood Studies,SAGE Publications,"Thousand Oaks, CA",eng,978-1-4739-4292-9 978-1-5297-2195-9 978-1-5297-2169-0 978-1-5297-2182-9,,https://www.sagepub.com/shop/buy-a-book/the-sage-encyclopedia-of-children-and-childhood-studies-1-245903,
HOC-W0140,book,2021,,"Cosse, Isabella","Familias e infancias en la historia contemporánea: Jerarquías de clase, género y edad en Argentina",Eduvim,"Villa María, Córdoba, Argentina",spa,978-987-699-660-0 978-987-699-664-8,,https://www.eduvim.com.ar/producto/familias-e-infancias-en-la-historia-contemporanea/,
HOC-W0142,book,2019,"Cox, Mary Elisabeth",,"Hunger in War and Peace: Women and Children in Germany, 1914–1924",Oxford University Press,"Oxford; New York, NY",eng,978-0-19-882011-6 978-0-19-186017-1,10.1093/oso/9780198820116.001.0001,https://doi.org/10.1093/oso/9780198820116.001.0001,
HOC-W0144,book,2025,"Crane, Jennifer",,‘Gifted Children’ in Britain and the World: Elitism and Equality since 1945,Oxford University Press,"Oxford; New York, NY",eng,978-0-19-892-885-0 978-0-19-892-888-1,10.1093/9780198928881.001.0001,https://doi.org/10.1093/9780198928881.001.0001,
HOC-W0146,book,2018,"Cross, Gary S.",,Machines of Youth: America's Car Obsession,University of Chicago Press,Chicago,eng,978-0-226-55113-5 978-0-226-34164-4 978-0-226-34178-1,10.7208/chicago/9780226341781.001.0001,https://doi.org/10.7208/chicago/9780226341781.001.0001,
HOC-W0148,book,2020,"Cunningham, Hugh",,"Children and Childhood in Western Society since 1500, third edition",Routledge,"Abingdon, Oxon; New York, NY",eng,978-0-367-47062-3 978-0-367-47066-1 978-1-003-03316-5,10.4324/9781003033165,https://doi.org/10.4324/9781003033165,
HOC-W0149,book,2022,"Curran, Conor",,"Physical Education in Irish Schools, 1900–2000: A History",Peter Lang,Oxford; Bern; Berlin; Bruxelles; New York; Wien,eng,978-1-78997-842-1 978-1-78997-843-8 978-1-78997-844-5 978-1-78997-845-2,10.3726/b17036,https://doi.org/10.3726/b17036,
HOC-W0150,book,2019,"Curry, Lynne",,"Religion, Law, and the Medical Neglect of Children in the United States, 1870–2000: 'The Science of the Age'",Palgrave Macmillan,Cham,eng,978-3-030-24688-4 978-3-030-24689-1 978-3-030-24691-4,10.1007/978-3-030-24689-1,https://doi.org/10.1007/978-3-030-24689-1,
HOC-W0152,book,2023,"Dabashi, Hamid",,An Iranian Childhood: Rethinking History and Memory,Cambridge University Press,"Cambridge, United Kingdom ; New York, NY",eng,978-1-316-51285-2; 978-1-009-06933-5; 978-1-009-07230-4,10.1017/9781009072304,https://doi.org/10.1017/9781009072304,
HOC-W0155,book,2023,,"Dar, Anandini; Kannan, Divya",Childhood and Youth in India: Engagements with Modernity,Palgrave Macmillan,"Cham, Switzerland",eng,978-3-031-31819-1; 978-3-031-31820-7; 978-3-031-31822-1,10.1007/978-3-031-31820-7,https://doi.org/10.1007/978-3-031-31820-7,
HOC-W0158,book,2025,"De Robertis, Caro",,"So Many Stars: An Oral History of Trans, Nonbinary, Genderqueer, and Two-Spirit People of Color",Algonquin Books,"New York, NY",eng,978-1-64375-687-5; 978-1-64375-689-9; 978-1-64375-690-5,,https://www.hachettebookgroup.com/titles/caro-de-robertis/so-many-stars/9781643756905/,
HOC-W0160,book,2024,"Dean, Dominic",,Killing Children in British Fiction: Thatcherism to Brexit,State University of New York Press,"Albany, NY",eng,978-1-4384-9956-7; 978-1-4384-9957-4; 978-1-4384-9955-0,,https://www.perlego.com/book/4378099/killing-children-in-british-fiction-thatcherism-to-brexit-pdf,
HOC-W0161,book,2024,"Dekker, Jeroen J. H.",,"Children’s Emotions in Europe, 1500–1900: A Visual History",Bloomsbury Academic,London ; New York,eng,978-1-3501-5070-6; 978-1-3501-5071-3; 978-1-3501-5073-7; 978-1-3501-9868-5,10.5040/9781350150737,https://doi.org/10.5040/9781350150737,
HOC-W0162,book,2018,"Derricourt, Robin",,Unearthing Childhood: Young Lives in Prehistory,Manchester University Press,Manchester,eng,978-1-5261-2893-5; 978-1-5261-2808-9; 978-1-5261-2809-6,,https://manchesteruniversitypress.co.uk/9781526128935/,
HOC-W0163,book,2024,"Destenay, Emmanuel",,"America’s French Orphans: Mobilization, Humanitarianism, and the Protection of France, 1914–1921",Cambridge University Press,"Cambridge, United Kingdom ; New York, NY",eng,978-1-009-51789-8; 978-1-009-51790-4,10.1017/9781009517904,https://doi.org/10.1017/9781009517904,
HOC-W0164,book,2023,"Dettlaff, Alan J.",,Confronting the Racist Legacy of the American Child Welfare System: The Case for Abolition,Oxford University Press,"New York, NY",eng,978-0-19-767526-7; 978-0-19-767529-8,10.1093/oso/9780197675267.001.0001,https://doi.org/10.1093/oso/9780197675267.001.0001,
HOC-W0165,book,2021,"Dietz, Feike",,"Lettering Young Readers in the Dutch Enlightenment: Literacy, Agency and Progress in Eighteenth-Century Children’s Books",Palgrave Macmillan,Cham,eng,978-3-030-69632-0; 978-3-030-69633-7; 978-3-030-69635-1,10.1007/978-3-030-69633-7,https://doi.org/10.1007/978-3-030-69633-7,
HOC-W0166,book,2019,"DiGirolamo, Vincent",,Crying the News: A History of America’s Newsboys,Oxford University Press,"New York, NY",eng,978-0-19-532025-1; 978-0-19-093325-8,10.1093/oso/9780195320251.001.0001,https://doi.org/10.1093/oso/9780195320251.001.0001,
HOC-W0167,book,2023,"Dodd, Lindsey",,Feeling Memory: Remembering Wartime Childhoods in France,Columbia University Press,New York,eng,978-0-231-20918-2; 978-0-231-20919-9; 978-0-231-55781-8,10.7312/dodd20918,https://doi.org/10.7312/dodd20918,
HOC-W0168,book,2020,"Doerfler, Maria E.",,"Jephthah’s Daughter, Sarah’s Son: The Death of Children in Late Antiquity",University of California Press,"Oakland, California",eng,978-0-520-30415-4; 978-0-520-97296-4,10.1525/9780520972964,https://doi.org/10.1525/9780520972964,
HOC-W0169,book,2019,"Dollase, Hiromi Tsuchiya",,"Age of Shōjo: The Emergence, Evolution, and Power of Japanese Girls’ Magazine Fiction",State University of New York Press,"Albany, NY",eng,978-1-4384-7391-8; 978-1-4384-7392-5,10.1515/9781438473925,https://doi.org/10.1515/9781438473925,
HOC-W0171,book,2020,,"Domines Veliki, Martina; Duffy, Cian",Romanticism and the Cultures of Infancy,Palgrave Macmillan,Cham,eng,978-3-030-50428-1; 978-3-030-50429-8; 978-3-030-50431-1,10.1007/978-3-030-50429-8,https://doi.org/10.1007/978-3-030-50429-8,
HOC-W0172,book,2025,"Donaghy, Paige",,Pregnant Women’s Sexuality in Early Modern England,Palgrave Macmillan,Cham,eng,978-3-032-05651-1; 978-3-032-05652-8; 978-3-032-05654-2,10.1007/978-3-032-05652-8,https://doi.org/10.1007/978-3-032-05652-8,
HOC-W0174,book,2019,,"Dopfel, Costanza Gislon; Foscati, Alessandra; Burnett, Charles","Pregnancy and Childbirth in the Premodern World: European and Middle Eastern Cultures, from Late Antiquity to the Renaissance",Brepols,Turnhout,eng,978-2-503-58055-5; 978-2-503-58056-2,10.1484/M.CURSOR-EB.5.115606,https://doi.org/10.1484/M.CURSOR-EB.5.115606,
HOC-W0175,book,2019,"Downing, Sonja Lynn",,"Gamelan Girls: Gender, Childhood, and Politics in Balinese Music Ensembles",University of Illinois Press,Urbana,eng,978-0-252-04271-3; 978-0-252-08455-3; 978-0-252-05157-9,10.5406/j.ctvscxr2b,https://doi.org/10.5406/j.ctvscxr2b,
HOC-W0176,book,2018,"Dror, Olga",,"Making Two Vietnams: War and Youth Identities, 1965–75",Cambridge University Press,"Cambridge ; New York, NY",eng,978-1-108-47012-4; 978-1-108-55616-3,10.1017/9781108556163,https://doi.org/10.1017/9781108556163,
HOC-W0177,book,2025,,"Dross, Fritz; Nemec, Birgit; Kąkolewski, Igor","Sexuality, Family Planning, and Reproduction: Historical Dimensions in Central and Eastern Europe from 1600 until Today",transcript Verlag,Bielefeld,eng,978-3-8376-7083-7; 978-3-8394-7083-1,10.14361/9783839470831,https://doi.org/10.14361/9783839470831,
HOC-W0178,book,2017,,"Duane, Anna Mae",Child Slavery before and after Emancipation: An Argument for a Child-Centered Slavery Studies,Cambridge University Press,"Cambridge, United Kingdom ; New York, NY",eng,978-1-107-12756-2; 978-1-107-56670-5; 978-1-316-41231-2,10.1017/9781316412312,https://doi.org/10.1017/9781316412312,
HOC-W0180,book,2022,"Duff, Sarah Emily",,Children and Youth in African History,Palgrave Macmillan,"Cham, Switzerland",eng,978-3-031-11096-2; 978-3-031-11097-9,10.1007/978-3-031-11097-9,https://doi.org/10.1007/978-3-031-11097-9,
HOC-W0182,book,2023,"Duncum, Paul",,Images of Childhood: A Visual History from Stone to Screen,Bloomsbury Visual Arts,London,eng,9781350299931 9781350299948 9781350299955,,https://www.bloomsbury.com/us/images-of-childhood-9781350299931/,
HOC-W0183,book,2021,"Dutta, Sutapa",,Disciplined Subjects: Schooling in Colonial Bengal,Routledge,"Abingdon, Oxon",eng,9780367410131 9780367692988 9781003013990,10.4324/9781003013990,https://doi.org/10.4324/9781003013990,
HOC-W0184,book,2018,"Dwyer, Michael",,Strangling Angel: Diphtheria and Childhood Immunization in Ireland,Liverpool University Press,Liverpool,eng,9781786940469; 9781786945150,10.5949/liverpool/9781786940469.001.0001,https://doi.org/10.5949/liverpool/9781786940469.001.0001,
HOC-W0186,book,2018,"Elias, Jamal J.",,"Alef Is for Allah: Childhood, Emotion, and Visual Culture in Islamic Societies",University of California Press,"Oakland, California",eng,9780520290075 9780520290082 9780520964402,10.1525/california/9780520290075.001.0001,https://doi.org/10.1525/california/9780520290075.001.0001,
HOC-W0187,book,2023,"Ellis, Catriona",,"Imagining Childhood, Improving Children: The Emergence of an ‘Avuncular’ State in Late Colonial South India",Cambridge University Press,Cambridge,eng,9781009215206 9781009215213,10.1017/9781009215213,https://doi.org/10.1017/9781009215213,
HOC-W0188,book,2022,"Enríquez, Laura J.",,"Children of the Revolution: Violence, Inequality, and Hope in Nicaraguan Migration",Stanford University Press,"Stanford, California",eng,9781503631281 9781503631298,10.1515/9781503631298,https://doi.org/10.1515/9781503631298,
HOC-W0190,book,2018,"Esteves, Olivier",,"The ‘Desegregation’ of English Schools: Bussing, Race and Urban Space, 1960s–80s",Manchester University Press,Manchester,eng,9781526124852; 9781526124869; 9781526148018; 9781526124876; 9781526144683,10.7228/manchester/9781526124852.001.0001,https://doi.org/10.7228/manchester/9781526124852.001.0001,
HOC-W0191,book,2017,"Evans, Bonnie",,The Metamorphosis of Autism: A History of Child Development in Britain,Manchester University Press,Manchester,eng,9780719095924 9781526110015,,https://manchesteruniversitypress.co.uk/9780719095924/,
HOC-W0646,book,2026,,"Falato, Giulia; Vinci, Renata",Youth in Chinese History: Educational Practices and Representations of Children and Young People Between Tradition and Modernity,Routledge,,eng,978-1-041-16050-2; 978-1-041-16695-5; 978-1-003-68592-0; 978-1-040-76571-5,10.4324/9781003685920,https://doi.org/10.4324/9781003685920,
HOC-W0193,book,2024,,"Farrell, Maureen A.; Davis, Robert A.",The International Companion to Scottish Children’s Literature,Scottish Literature International,,eng,9781908980410,,https://asls.org.uk/publications/books/companions/ic9/,
HOC-W0194,book,2023,"Faulkner, Joanne",,Representing Aboriginal Childhood: The Politics of Memory and Forgetting in Australia,Routledge,"Abingdon, Oxon",eng,9780367568535 9780367568542 9781003099666 9781000843095,10.4324/9781003099666,https://doi.org/10.4324/9781003099666,
HOC-W0195,book,2017,"Feld, Barry C.",,"The Evolution of the Juvenile Court: Race, Politics, and the Criminalizing of Juvenile Justice",New York University Press,New York,eng,9781479895694 9781479871292 9781479802777,10.2307/j.ctt1pwtbmh,https://doi.org/10.2307/j.ctt1pwtbmh,
HOC-W0196,book,2025,,"Fenech, Giuliana",Child as Citizen: Agency and Activism in Children’s Literature and Culture,University Press of Mississippi,"Jackson, Mississippi",eng,9781496858405 9781496858412 9781496858450,10.14325/mississippi/9781496858405.001.0001,https://doi.org/10.14325/mississippi/9781496858405.001.0001,
HOC-W0197,book,2025,"Fernández-Fontecha, Leticia",,"Childhood, Pain and Emotion: A Modern British Medical History",Cambridge University Press,Cambridge,eng,9781009558730 9781009558723,10.1017/9781009558723,https://doi.org/10.1017/9781009558723,
HOC-W0199,book,2022,,"Field, Corinne T.; Simmons, LaKisha Michelle",The Global History of Black Girlhood,University of Illinois Press,Urbana,eng,9780252044625 9780252086694 9780252053634,10.5406/jj.17381690,https://doi.org/10.5406/jj.17381690,
HOC-W0200,book,2019,"Field, Hannah",,Playing with the Book: Victorian Movable Picture Books and the Child Reader,University of Minnesota Press,Minneapolis,eng,9781517901776 9781452959597,,https://www.upress.umn.edu/9781517901776/playing-with-the-book/,
HOC-W0201,book,2025,,"Field, Hannah; Giddings, Seth; Highmore, Ben","Playthings and Playtimes: Play, Affect and Material Culture in the Ludic World",UCL Press,London,eng,9781800089600 9781800089617 9781800089624 9781800089631,10.14324/111.9781800089624,https://doi.org/10.14324/111.9781800089624,
HOC-W0203,book,2022,"Fischer-Tiné, Harald",,"The YMCA in Late Colonial India: Modernization, Philanthropy and American Soft Power in South Asia",Bloomsbury Academic,London,eng,9781350275287 9781350275270,,https://www.bloomsbury.com/uk/ymca-in-late-colonial-india-9781350275287/,
HOC-W0205,book,2020,"Fletcher, Susan A.",,Exploring the History of Childhood and Play through 50 Historic Treasures,Rowman & Littlefield,"Lanham, Maryland",eng,9781538118740 9781538118757,,https://www.bloomsbury.com/us/exploring-the-history-of-childhood-and-play-through-50-historic-treasures-9781538118740/,
HOC-W0206,book,2018,"Ford, Eileen",,Childhood and Modernity in Cold War Mexico City,Bloomsbury Academic,London,eng,9781350040021 9781350040038 9781350040045 9781350127753,,https://www.bloomsbury.com/uk/childhood-and-modernity-in-cold-war-mexico-city-9781350040021/,
HOC-W0207,book,2021,,"Forman-Brunell, Miriam",Deconstructing Dolls: Girlhoods and the Meanings of Play,Berghahn Books,New York; Oxford,eng,9781800731028 9781800731035 9781836956143,10.3167/9781800731028,https://doi.org/10.3167/9781800731028,
HOC-W0209,book,2026,"Foscati, Alessandra",,The Wonders of Childbirth: Giving Life between the Middle Ages and the Early Modern Period,Routledge,Abingdon; New York,eng,9781041052425 9781041052432,,https://www.routledge.com/humanities/history/womens-gender-history,
HOC-W0210,book,2022,"Fox, Sarah",,Giving Birth in Eighteenth-Century England,University of London Press,London,eng,9781914477058 9781914477065 9781914477072 9781914477089 9781908590879,10.14296/2204.9781914477072,https://doi.org/10.14296/2204.9781914477072,
HOC-W0211,book,2019,"Freidenfelds, Lara",,The Myth of the Perfect Pregnancy: A History of Miscarriage in America,Oxford University Press,Oxford; New York,eng,9780190052171 9780190869816,10.1093/oso/9780190869816.001.0001,https://doi.org/10.1093/oso/9780190869816.001.0001,
HOC-W0212,book,2024,"Freidin, Anna Bonnell",,Birthing Romans: Childbearing and Its Risks in Imperial Rome,Princeton University Press,Princeton; Oxford,eng,9780691226279 9780691226293,10.1515/9780691226293,https://doi.org/10.1515/9780691226293,
HOC-W0213,book,2019,,"French, Anna",Early Modern Childhood: An Introduction,Routledge,London; New York,eng,9781138038417 9781138038424 9781315177380,,https://www.routledge.com/Early-Modern-Childhood-An-Introduction/French/p/book/9781138038424,
HOC-W0214,book,2024,"Friedlaender, Salomo","Krajewski, Bruce James",Kant for Children,De Gruyter,Berlin; Boston,eng,9783110991833 9783110979862,10.1515/9783110979862,https://doi.org/10.1515/9783110979862,
HOC-W0215,book,2017,,"Frühstück, Sabine; Walthall, Anne",Child’s Play: Multi-Sensory Histories of Children and Childhood in Japan,University of California Press,"Oakland, California",eng,9780520296275 9780520968844,,https://escholarship.org/uc/item/1qg0x4rb,
HOC-W0217,book,2024,,"Galan, Christian; Salomon, Harald",Histories of Children and Childhood in Meiji Japan,Routledge,London; New York,eng,9780367651336; 9780367651473; 9781003128069,10.4324/9781003128069,https://doi.org/10.4324/9781003128069,
HOC-W0219,book,2024,"Gardet, Mathias",,"Nous sommes venus en France: Voix de jeunes Algériens, 1945–1963",Anamosa,Paris,fre,9782381910970 9782381910987,,https://anamosa.fr/livre/nous-sommes-venus-en-france/,
HOC-W0220,book,2018,"Garroway, Kristine Henriksen",,Growing Up in Ancient Israel: Children in Material Culture and Biblical Texts,SBL Press,"Atlanta, Georgia",eng,9780884142959 9780884142966 9781628372113,,https://www.bibliovault.org/BV.book.epl?ISBN=9781628372113,
HOC-W0221,book,2025,"Garroway, Kristine Henriksen",,The Dying Child: The Death and Personhood of Children in Ancient Israel,Oxford University Press,"New York, NY",eng,978-0-19-756668-8 978-0-19-756671-8,10.1093/9780197566718.001.0001,https://doi.org/10.1093/9780197566718.001.0001,
HOC-W0223,book,2022,,"Gerster, Daniel; Jensz, Felicity",Global Perspectives on Boarding Schools in the Nineteenth and Twentieth Centuries,Palgrave Macmillan,Cham,eng,978-3-030-99040-4 978-3-030-99041-1 978-3-030-99043-5,10.1007/978-3-030-99041-1,https://doi.org/10.1007/978-3-030-99041-1,
HOC-W0224,book,2021,"Gerteis, Christopher",,Mobilizing Japanese Youth: The Cold War and the Making of the Sixties Generation,Cornell University Press,"Ithaca, NY",eng,978-1-5017-5631-3 978-1-5017-5632-0 978-1-5017-5633-7,10.1515/9781501756337,https://doi.org/10.1515/9781501756337,
HOC-W0225,book,2025,"Gianni, Gaia",,All in the Family: Childhood and Fictive Kinship in Roman Society,University of Michigan Press,Ann Arbor,eng,978-0-472-13361-1 978-0-472-90516-4,10.3998/mpub.12705608,https://doi.org/10.3998/mpub.12705608,
HOC-W0226,book,2022,"Gibson, Kate",,"Illegitimacy, Family, and Stigma in England, 1660–1834",Oxford University Press,Oxford,eng,978-0-19-286724-7 978-0-19-195932-5,10.1093/oso/9780192867247.001.0001,https://doi.org/10.1093/oso/9780192867247.001.0001,
HOC-W0228,book,2025,"Gilliland, Haley Cohen",,A Flower Traveled in My Blood: The Incredible True Story of the Grandmothers Who Fought to Find a Stolen Generation of Children,Avid Reader Press / Simon & Schuster,"New York, NY",eng,978-1-6680-1714-2,,https://www.simonandschuster.com/books/A-Flower-Traveled-in-My-Blood/Haley-Cohen-Gilliland/9781668017142,
HOC-W0173,book,2024,,"Gislon Dopfel, Costanza","Maternal Materialities: Objects, Rituals and Material Evidence of Medieval and Early Modern Childbirth",Brepols,Turnhout,eng,978-2-503-60573-9; 978-2-503-60574-6,10.1484/M.GEN-EB.5.133329,https://doi.org/10.1484/M.GEN-EB.5.133329,
HOC-W0229,book,2023,"Givens, Jarvis R.",,School Clothes: A Collective Memoir of Black Student Witness,Beacon Press,"Boston, MA",eng,978-0-8070-5481-9 978-0-8070-9332-0,,https://www.beacon.org/School-Clothes-P2082.aspx,
HOC-W0230,book,2023,"Goldberg, Rob",,Radical Play: Revolutionizing Children's Toys in 1960s and 1970s America,Duke University Press,"Durham, NC",eng,978-1-4780-2013-4 978-1-4780-2511-5 978-1-4780-2710-2,10.1215/9781478027102,https://doi.org/10.1215/9781478027102,
HOC-W0231,book,2018,"Golden, Janet",,Babies Made Us Modern: How Infants Brought America into the Twentieth Century,Cambridge University Press,Cambridge,eng,978-1-108-41500-2 978-1-108-22730-8,10.1017/9781108227308,https://doi.org/10.1017/9781108227308,
HOC-W0233,book,2025,"Gooch, Emma",,"Experiencing Childhood in Ancient Athens: Material Culture, Iconography, Burials, and Social Identity in the 9th to 4th Centuries BCE",Oxford University Press,Oxford,eng,978-0-19-894-915-2 978-0-19-894-913-8,10.1093/9780198949152.001.0001,https://doi.org/10.1093/9780198949152.001.0001,
HOC-W0234,book,2020,"Good, Katie Day",,Bring the World to the Child: Technologies of Global Citizenship in American Education,The MIT Press,"Cambridge, MA",eng,978-0-262-53802-2; 978-0-262-35674-9; 978-0-262-35673-2,10.7551/mitpress/11061.001.0001,https://doi.org/10.7551/mitpress/11061.001.0001,
HOC-W0236,book,2019,"Goodwin, Elena",,Translating England into Russian: The Politics of Children's Literature in the Soviet Union and Modern Russia,Bloomsbury Academic,London,eng,978-1-350-13399-0 978-1-350-24532-7,10.5040/9781350134027,https://doi.org/10.5040/9781350134027,
HOC-W0237,book,2023,"Gorshkov, Boris B.",,"The Dark Side of Early Soviet Childhood, 1917–1941: Children's Tragedy",Bloomsbury Academic,London,eng,978-1-350-09867-1 978-1-350-09869-5 978-1-350-09868-8 978-1-350-41569-0,,https://www.bloomsbury.com/uk/dark-side-of-early-soviet-childhood-19171941-9781350098671/,
HOC-W0238,book,2024,,"Gossard, Julia M.; White, Holly N. S.",Engaging Children in Vast Early America,Routledge,Abingdon,eng,978-1-032-26822-4 978-1-040-12485-7 978-1-032-29100-0,,https://www.routledge.com/Engaging-Children-in-Vast-Early-America/Gossard-White/p/book/9781032268224,
HOC-W0240,book,2019,"Gray, Paige Marie",,Cub Reporters: American Children's Literature and Journalism in the Golden Age,State University of New York Press,"Albany, NY",eng,978-1-4384-7539-4 978-1-4384-7540-0 978-1-4384-7541-7,,https://www.paigemariegray.com/research--publications.html,
HOC-W0241,book,2018,"Grieve, Victoria M.",,Little Cold Warriors: American Childhood in the 1950s,Oxford University Press,"New York, NY",eng,978-0-19-067568-4; 978-0-19-067570-7; 978-0-19-067571-4,10.1093/oso/9780190675684.001.0001,https://doi.org/10.1093/oso/9780190675684.001.0001,
HOC-W0242,book,2025,"Grimes, Lorraine",,"Single Mothers in Twentieth-century Ireland and Britain: Pregnancy, Migration and Institutionalization",Bloomsbury Academic,London,eng,978-1-350-51517-8 978-1-350-51518-5 978-1-350-51519-2,,https://www.bloomsbury.com/uk/single-mothers-in-twentiethcentury-ireland-and-britain-9781350515185/,
HOC-W0243,book,2024,"Gronningsater, Sarah L. H.",,"The Rising Generation: Gradual Abolition, Black Legal Culture, and the Making of National Freedom",University of Pennsylvania Press,"Philadelphia, PA",eng,978-1-5128-2631-9 978-1-5128-2632-6 978-1-5128-2970-9,10.2307/jj.6879800,https://www.pennpress.org/9781512826326/the-rising-generation/,
HOC-W0244,book,2022,"Gueslin, André",,Enfance volée: le travail des enfants en France au XIXe siècle,Éditions L'Harmattan,Paris,fre,978-2-14-030279-4 978-2-14-030280-0 978-2-14-030281-7,,https://www.editions-harmattan.fr/catalogue/livre/enfance-volee/2666,
HOC-W0246,book,2022,,"Hagen, Anne Marie","Mediation and Children's Reading: Relationships, Intervention, and Organization from the Eighteenth Century to the Present",Lehigh University Press,"Bethlehem, PA",eng,978-1-61146-326-2,,https://lupress.lehigh.edu/publication/mediation-and-childrens-reading,
HOC-W0248,book,2022,"Hale, Jon N.",,"A New Kind of Youth: Historically Black High Schools and Southern Student Activism, 1920–1975",The University of North Carolina Press,"Chapel Hill, NC",eng,978-1-4696-7138-3 978-1-4696-7139-0 978-1-4696-7141-3,10.5149/9781469671413_hale,https://uncpress.org/9781469671390/a-new-kind-of-youth/,
HOC-W0249,book,2024,"Hamilton, Lynn",,Who Were the Real Oliver Twists?: Childhood Poverty in Victorian London,Pen & Sword History,"Barnsley, South Yorkshire",eng,978-1-3990-5454-6 978-1-3990-5456-0,,https://www.pen-and-sword.co.uk/Who-Were-The-Real-Oliver-Twists-Hardback/p/49065,
HOC-W0250,book,2023,"Hammel, Andrea",,The Kindertransport: What Really Happened,Polity Press,"Cambridge, UK",eng,978-1-5095-5376-1; 978-1-5095-5377-8; 978-1-5095-5378-5,,https://research.aber.ac.uk/en/publications/the-kindertransport-what-really-happened/,
HOC-W0252,book,2020,"Han, Clara",,Seeing Like a Child: Inheriting the Korean War,Fordham University Press,New York,eng,978-0-8232-8946-2 978-0-8232-8945-5 978-0-8232-8947-9,10.2307/j.ctv1199017,https://doi.org/10.2307/j.ctv1199017,
HOC-W0254,book,2024,"Handler, Sophie",,Seeking Childhood: The Emergence of the Child in the Visual and Literary Culture of the French Long Nineteenth Century,University of Wales Press,Cardiff,eng,978-1-83772-132-0 978-1-83772-133-7 978-1-83772-134-4,,https://www.uwp.co.uk/seeking-childhood/,
HOC-W0255,book,2024,"Hanson, Carey Blackerby",,Early American Children's Clothing and Textiles: Clothing a Child 1600–1800,Routledge,"New York, NY",eng,978-1-032-13690-5 978-1-032-13691-2 978-1-003-23044-1 978-1-003-82425-1 978-1-003-82428-2,10.4324/9781003230441,https://www.routledge.com/Early-American-Childrens-Clothing-and-Textiles-Clothing-a-Child-1600-1800/BlackerbyHanson/p/book/9781032136905,
HOC-W0256,book,2020,"Hantzaroula, Pothiti",,"Child Survivors of the Holocaust in Greece: Memory, Testimony and Subjectivity",Routledge,"Abingdon, Oxon",eng,978-1-138-57949-1 978-0-429-50798-4 978-0-367-62776-8,10.4324/9780429507984,https://doi.org/10.4324/9780429507984,
HOC-W0258,book,2020,"Hardwick, Julie",,"Sex in an Old Regime City: Young Workers and Intimacy in France, 1660–1789",Oxford University Press,New York,eng,978-0-19-094518-3 978-0-19-094520-6 978-0-19-094521-3,10.1093/oso/9780190945183.001.0001,https://doi.org/10.1093/oso/9780190945183.001.0001,
HOC-W0260,book,2025,"Harris, Jim",,"Children's Health and Urban Ecology in England, 1885–1919",University of Rochester Press,"Rochester, NY",eng,978-1-64825-101-6 978-1-64825-100-9 978-1-80543-730-7 978-1-80543-731-4,10.2307/jj.29010274,https://doi.org/10.2307/jj.29010274,
HOC-W0261,book,2022,"Harrison, Laura",,"Dangerous Amusements: Leisure, the Young Working Class and Urban Space in Britain, c. 1870–1939",Manchester University Press,Manchester,eng,978-1-5261-4787-5 978-1-5261-4786-8,10.7765/9781526147882,https://doi.org/10.7765/9781526147882,
HOC-W0264,book,2021,"Hasso, Frances S.",,"Buried in the Red Dirt: Race, Reproduction, and Death in Modern Palestine",Cambridge University Press,"Cambridge, UK; New York, NY",eng,978-1-316-51354-5 978-1-009-07285-4 978-1-009-07398-1,10.1017/9781009072854,https://doi.org/10.1017/9781009072854,
HOC-W0265,book,2019,"Hatfield, Mary",,Growing Up in Nineteenth-Century Ireland: A Cultural History of Middle-Class Childhood and Gender,Oxford University Press,"Oxford; New York, NY",eng,978-0-19-884-342-9 978-0-19-187-926-5,10.1093/oso/9780198843429.001.0001,https://doi.org/10.1093/oso/9780198843429.001.0001,
HOC-W0266,book,2018,,"Hatfield, Mary; Kruse, Jutta; Nic Congáil, Ríona",Historical Perspectives on Parenthood and Childhood in Ireland,Arlen House,Dublin,eng,978-1-85132-173-5,,https://press.syr.edu/supressbooks/159/historical-perspectives-on-parenthood-and-childhood-in-ireland/,
HOC-W0267,book,2024,"Hawkins, Kayt",,50 Finds from Childhood: Objects from the Portable Antiquities Scheme,Amberley Publishing,Stroud,eng,978-1-3981-1485-2 978-1-3981-1486-9,,https://www.amberley-books.com/discover-books/50-finds-from-childhood.html,
HOC-W0268,book,2025,"Haynes, Catherine M.",,"How Children's Worship Changed the Church: Ritualism, Liturgy and Children in the Late Nineteenth Century Church of England",Routledge,"Abingdon, Oxon; New York, NY",eng,978-1-041-01756-1 978-1-003-61631-3 978-1-040-59478-0,10.4324/9781003616313,https://doi.org/10.4324/9781003616313,
HOC-W0269,book,2017,"Heywood, Colin",,A History of Childhood: Children and Childhood in the West from Medieval to Modern Times,Polity Press,"Cambridge, UK; Medford, MA",eng,978-0-7456-5165-1 978-0-7456-5166-8 978-1-5095-2538-6,,https://www.politybooks.com/bookdetail?book_slug=a-history-of-childhood-2nd-edition--9780745651651,
HOC-W0270,book,2018,"Heywood, Colin",,Childhood in Modern Europe,Cambridge University Press,Cambridge; New York,eng,978-0-521-86623-1 978-0-521-68525-2 978-1-139-04675-6,10.1017/9781139046756,https://doi.org/10.1017/9781139046756,
HOC-W0271,book,2025,"Heywood, Sophie",,Children's Publishing in Cold War France: Hachette in the Age of Surveillance and Control,Bloomsbury Academic,London,eng,978-1-350-36156-0 978-1-350-36159-1,10.5040/9781350361591,https://doi.org/10.5040/9781350361591,
HOC-W0272,book,2018,,"Higginbotham, Jennifer; Johnston, Mark Albert",Queering Childhood in Early Modern English Drama and Culture,Palgrave Macmillan,"Cham, Switzerland",eng,978-3-319-72768-4 978-3-319-72769-1,10.1007/978-3-319-72769-1,https://doi.org/10.1007/978-3-319-72769-1,
HOC-W0273,book,2017,"Higginbotham, Peter",,Children's Homes: A History of Institutional Care for Britain's Young,Pen & Sword History,"Barnsley, South Yorkshire",eng,978-1-5267-0135-0 978-1-5267-0137-4,,https://www.pen-and-sword.co.uk/Childrens-Homes-ePub/p/14079,
HOC-W0274,book,2023,"Hill, Daniel Delis",,Dress and Identity in America: The Baby Boom Years 1946–1964,Bloomsbury Visual Arts,London,eng,978-1-350-37391-4 978-1-350-37392-1 978-1-350-37393-8 978-1-350-37394-5,,https://www.bloomsbury.com/uk/dress-and-identity-in-america-9781350373938/,
HOC-W0275,book,2019,"Hirsch, Marianne; Spitzer, Leo",,School Photos in Liquid Time: Reframing Difference,University of Washington Press,Seattle,eng,978-0-295-74653-1 978-0-295-74654-8 978-0-295-74655-5,,https://uwapress.uw.edu/book/9780295746531/school-photos-in-liquid-time/,
HOC-W0277,book,2024,"Hodgson, Jack",,"Young Reds in the Big Apple: The New York Young Pioneers of America, 1923–1934",Fordham University Press,New York,eng,978-1-5315-0811-1 978-1-5315-0812-8 978-1-5315-0813-5 978-1-5315-1111-1,10.5422/fordham/9781531508111.001.0001,https://doi.org/10.5422/fordham/9781531508111.001.0001,
HOC-W0278,book,2025,,"Hodgson, Lucia; Giffen, Allison",The Biopolitics of Childhood in the Long American 19th Century,Routledge,New York,eng,978-1-032-56352-7 978-1-032-56354-1 978-1-003-43506-8,10.4324/9781003435068,https://doi.org/10.4324/9781003435068,
HOC-W0279,book,2018,,"Hodkinson, Owen; Lovatt, Helen","Classical Reception and Children's Literature: Greece, Rome and Childhood Transformation",I.B. Tauris,London,eng,978-1-78831-020-8 978-1-78673-329-0 978-1-78672-329-1 978-1-350-12221-5,,https://www.bloomsbury.com/uk/classical-reception-and-childrens-literature-9781788310208/,
HOC-W0280,book,2024,"Hoffman, A. Robin",,Victorian Alphabet Books and the Education of the Eye: British Approaches to Literacy through the Nineteenth Century,Oxford University Press,New York,eng,978-0-19-893813-2 978-0-19-893816-3,10.1093/9780198938163.001.0001,https://doi.org/10.1093/9780198938163.001.0001,
HOC-W0281,book,2024,"Hoiem, Elizabeth Massa",,"The Education of Things: Mechanical Literacy in British Children's Literature, 1762–1860",University of Massachusetts Press,"Amherst, Massachusetts",eng,978-1-62534-755-8 978-1-62534-756-5 978-1-68575-037-4,10.2307/jj.23689307,https://doi.org/10.2307/jj.23689307,
HOC-W0282,book,2018,"Holohan, Carole",,Reframing Irish Youth in the Sixties,Liverpool University Press,Liverpool,eng,978-1-78694-123-7 978-1-78962-927-9,10.3828/liverpool/9781786941237.001.0001,https://doi.org/10.3828/liverpool/9781786941237.001.0001,
HOC-W0283,book,2024,"Homza, Lu Ann",,The Child Witches of Olague,Pennsylvania State University Press,"University Park, Pennsylvania",eng,978-0-271-09880-7 978-0-271-09749-7 978-0-271-09838-8,10.1515/9780271098388,https://doi.org/10.1515/9780271098388,
HOC-W0284,book,2019,,"Honeck, Mischa; Marten, James",War and Childhood in the Era of the Two World Wars,Cambridge University Press,Cambridge; New York,eng,978-1-108-47853-3 978-1-108-62576-0,10.1017/9781108671965,https://doi.org/10.1017/9781108671965,
HOC-W0285,book,2021,"Hopkins, David",,Dark Toys: Surrealism and the Culture of Childhood,Yale University Press,New Haven,eng,978-0-300-22574-7,,https://yalebooks.yale.edu/book/9780300225747/dark-toys/,
HOC-W0286,book,2018,,"Hopwood, Nick; Flemming, Rebecca; Kassell, Lauren",Reproduction: Antiquity to the Present Day,Cambridge University Press,Cambridge,eng,978-1-107-06802-5 978-1-107-70564-7,10.1017/9781107705647,https://doi.org/10.1017/9781107705647,
HOC-W0287,book,2022,"Horváth, Sándor",,Children of Communism: Politicizing Youth Revolt in Communist Budapest in the 1960s,Indiana University Press,"Bloomington, Indiana",eng,978-0-253-05973-4 978-0-253-05972-7 978-0-253-05971-0 978-0-253-05970-3,,https://iupress.org/9780253059734/children-of-communism/,
HOC-W0288,book,2020,"Howe, Paul",,Teen Spirit: How Adolescence Transformed the Adult World,Cornell University Press,"Ithaca, New York",eng,978-1-5017-4982-7; 978-1-5017-4983-4; 978-1-5017-4984-1,10.7591/cornell/9781501749827.001.0001,https://doi.org/10.7591/cornell/9781501749827.001.0001,
HOC-W0290,book,2018,"Hsiung, Ping-chen",,You yi yu you meng: jin shi zhong guo she hui de mian yan zhi dao [Paediatrics and Early Education: A History of Reproductive Strategies of Chinese Society],聯經出版公司,New Taipei City,zho,978-957-08-5174-8,,https://store.linkingbooks.com.tw/product/141170,
HOC-W0291,book,2024,"Hu, Fang Yu",,"Good Wife, Wise Mother: Educating Han Taiwanese Girls under Japanese Rule",University of Washington Press,Seattle,eng,978-0-295-75263-1 978-0-295-75264-8 978-0-295-75265-5,,https://uwapress.uw.edu/book/9780295752631/good-wife-wise-mother/,
HOC-W0292,book,2023,"Hug, Angela",,"Fertility, Ideology, and the Cultural Politics of Reproduction at Rome",Brill,,eng,978-90-04-54077-4 978-90-04-54078-1,10.1163/9789004540781,https://doi.org/10.1163/9789004540781,
HOC-W0078,book,2017,"Hunt Botting, Eileen",,Mary Shelley and the Rights of the Child: Political Philosophy in Frankenstein,University of Pennsylvania Press,Philadelphia,eng,978-0-8122-4962-0 978-0-8122-9447-7 978-0-8122-2456-6,,https://www.pennpress.org/9780812249620/mary-shelley-and-the-rights-of-the-child/,
HOC-W0293,book,2019,"Hunter, Mark",,"Race for Education: Gender, White Tone, and Schooling in South Africa",Cambridge University Press,London,eng,978-1-108-48052-9 978-1-108-72763-1 978-1-108-63518-9,10.1017/9781108635189,https://doi.org/10.1017/9781108635189,
HOC-W0294,book,2025,"Hurl-Eamon, Jennine",,Childhood and War in Eighteenth-Century Britain,Oxford University Press,Oxford,eng,978-0-19-891720-5 978-0-19-891723-6,10.1093/9780198917236.001.0001,https://doi.org/10.1093/9780198917236.001.0001,
HOC-W0297,book,2025,"Inglis, Lucy",,Born: A History of Childbirth,Pegasus Books,"New York, NY",eng,978-1-63936-588-3 978-1-63936-589-0,,https://www.simonandschuster.com/books/Born/Lucy-Inglis/9781639365883,
HOC-W0298,book,2018,,"Irvine, Susan; Rudolf, Winfried",Childhood & Adolescence in Anglo-Saxon Literary Culture,University of Toronto Press,Toronto ; Buffalo,eng,978-1-4875-0202-7 978-1-4875-1443-3,10.3138/9781487502027,https://doi.org/10.3138/9781487502027,
HOC-W0299,book,2025,,"Jackson, Isabella; Geng, Yushu",Rethinking Childhood in Modern Chinese History,Routledge,London,eng,978-1-032-34386-0 978-1-040-69536-4 978-1-003-32185-9,10.4324/9781003321859,https://doi.org/10.4324/9781003321859,
HOC-W0303,book,2021,"Jagusch, Sybille",,Japan and American Children's Books: A Journey,Rutgers University Press,New Brunswick,eng,978-1-9788-2262-7; 978-1-9788-2287-0; 978-1-9788-2263-4; 978-1-9788-2265-8,,https://www.rutgersuniversitypress.org/japan-and-american-children-s-books/9781978822627,
HOC-W0304,book,2018,"Jarzebowski, Claudia",,Kindheit und Emotion: Kinder und ihre Lebenswelten in der europäischen Frühen Neuzeit,De Gruyter Oldenbourg,"Berlin, Boston",ger,978-3-11-046638-6 978-3-11-046891-5 978-3-11-046644-7,10.1515/9783110468915,https://doi.org/10.1515/9783110468915,
HOC-W0305,book,2022,"Jeffries, Charlie",,Teenage Dreams: Girlhood Sexualities in the U.S. Culture Wars,Rutgers University Press,New Brunswick,eng,978-1-9788-0679-5 978-1-9788-0680-1 978-1-9788-0681-8 978-1-9788-0683-2,10.2307/j.ctv2v55j6j,https://doi.org/10.2307/j.ctv2v55j6j,
HOC-W0306,book,2023,"Jennings, Rebecca",,"Lesbian Intimacies and Family Life: Desire, Domesticity and Kinship in Britain and Australia, 1945–2000",Bloomsbury Academic,London New York Oxford New Delhi Sydney,eng,978-1-350-35887-4 978-1-350-35889-8 978-1-350-35888-1 978-1-350-35890-4,,https://www.bloomsbury.com/uk/lesbian-intimacies-and-family-life-9781350358898/,
HOC-W0307,book,2023,"Jensen, Helle Strandgaard",,Sesame Street: A Transnational History,Oxford University Press,New York,eng,978-0-19-755-415-9 978-0-19-755-416-6 978-0-19-755-419-7 978-0-19-755-418-0,10.1093/oso/9780197554159.001.0001,https://doi.org/10.1093/oso/9780197554159.001.0001,
HOC-W0309,book,2019,"Jiménez Becerra, Absalón; Reina, Carlos Arturo",,Infancia y juventud en Colombia: aproximación historiográfica,Universidad Distrital Francisco José de Caldas,Bogotá,spa,978-958-787-107-4,,https://die.udistrital.edu.co/publicaciones/libros/infancia_y_juventud_en_colombia_aproximacion_historiografica,
HOC-W0310,book,2017,"Jobs, Richard Ivan",,Backpack Ambassadors: How Youth Travel Integrated Europe,University of Chicago Press,Chicago ; London,eng,978-0-226-43897-9 978-0-226-46203-5 978-0-226-43902-0,10.7208/chicago/9780226439020.001.0001,https://doi.org/10.7208/chicago/9780226439020.001.0001,
HOC-W0311,book,2024,,"John, Mary E.; Lotz, Barbara; Schömbucher, Elisabeth",Querying Childhood: Feminist Reframings,Routledge,"Abingdon, Oxford",eng,978-1-032-67903-7; 978-1-032-78349-9; 978-1-040-18634-3; 978-1-040-18641-1; 978-1-003-46525-6,10.4324/9781003465256,https://doi.org/10.4324/9781003465256,
HOC-W0312,book,2024,"Johnson, Kristin",,"Imagining Progress: Science, Faith, and Child Mortality in America",University of Alabama Press,"Tuscaloosa, Alabama",eng,978-0-8173-2201-4 978-0-8173-6149-5 978-0-8173-9519-3,,https://www.uapress.ua.edu/9780817395193/imagining-progress/,
HOC-W0314,book,2020,"Jones, Claire L.",,The Business of Birth Control: Contraception and Commerce in Britain before the Sexual Revolution,Manchester University Press,Manchester,eng,978-1-5261-3628-2 978-1-5261-3629-9 978-1-5261-3630-5 978-1-5261-8232-6,10.7765/9781526136299,https://doi.org/10.7765/9781526136299,
HOC-W0316,book,2023,"Kakimoto, Mayo",,Jidō Zasshi no Tanjō 児童雑誌の誕生,文学通信,Tokyo,jpn,978-4-86766-001-0,,https://bungaku-report.com/books/ISBN978-4-86766-001-0.html,
HOC-W0318,book,2017,"Kaler, Amy",,"Baby Trouble in the Last Best West: Making New People in Alberta, 1905–1939",University of Toronto Press,Toronto ; Buffalo ; London,eng,978-1-4426-1394-2 978-1-4426-4568-4 978-1-4426-6335-0,10.3138/9781442663350,https://doi.org/10.3138/9781442663350,
HOC-W0319,book,2022,"Kaminer, Jenny",,Haunted Dreams: Fantasies of Adolescence in Post-Soviet Culture,"Northern Illinois University Press, an imprint of Cornell University Press","Ithaca, New York",eng,978-1-5017-6219-2; 978-1-5017-6220-8; 978-1-5017-6227-7,10.7591/cornell/9781501762192.001.0001,https://doi.org/10.7591/cornell/9781501762192.001.0001,
HOC-W0320,book,2024,"Kannan, Divya",,Contested Childhoods: Caste and Education in Colonial Kerala,Cambridge University Press,Cambridge,eng,978-1-009-34335-0 978-1-009-34334-3,10.1017/9781009343350,https://doi.org/10.1017/9781009343350,
HOC-W0321,book,2026,"Katz, Jordan R.",,Delivering Knowledge: Jewish Midwives and Hidden Healing in Early Modern Europe,Stanford University Press,"Stanford, California",eng,978-1-5036-4410-6 978-1-5036-4639-1 978-1-5036-4640-7,10.1515/9781503646407,https://doi.org/10.1515/9781503646407,
HOC-W0322,book,2021,"Kawamitsu, Akira",,沖縄戦の子どもたち,Yoshikawa Kōbunkan,Tōkyō,jpn,978-4-642-05926-8,,https://ci.nii.ac.jp/ncid/BC07341085,
HOC-W0323,book,2019,"Kelly, Christine",,Juvenile Justice in Victorian Scotland,Edinburgh University Press,Edinburgh,eng,978-1-4744-2734-0 978-1-4744-7650-8,10.3366/edinburgh/9781474427340.001.0001,https://doi.org/10.3366/edinburgh/9781474427340.001.0001,
HOC-W0324,book,2020,"Kendrick, Anna Kathryn",,Humanizing Childhood in Early Twentieth-Century Spain,Legenda,Cambridge,eng,978-1-78188-541-3,10.2307/j.ctv16km041,https://doi.org/10.2307/j.ctv16km041,
HOC-W0325,book,2025,"Keren, Célia",,La cause des enfants : Humanitaire et politique pendant la guerre d’Espagne (1936–1939),Anamosa,Paris,fre,978-2-38191-134-2,,https://anamosa.fr/livre/la-cause-des-enfants/,
HOC-W0326,book,2018,"Khoja-Moolji, Shenila",,Forging the Ideal Educated Girl: The Production of Desirable Subjects in Muslim South Asia,University of California Press,"Oakland, California",eng,978-0-520-97053-3 978-0-520-29840-8,10.1525/luminos.52,https://doi.org/10.1525/luminos.52,
HOC-W0328,book,2023,"Killeen, Jarlath",,Imagining the Irish child: Discourses of childhood in Irish Anglican writing of the seventeenth and eighteenth centuries,Manchester University Press,Manchester,eng,978-1-5261-6197-0 978-1-5261-6196-3 978-1-5261-6198-7,10.7765/9781526161987,https://doi.org/10.7765/9781526161987,
HOC-W0329,book,2022,"Kind-Kovács, Friederike",,Budapest's Children: Humanitarian Relief in the Aftermath of the Great War,Indiana University Press,Bloomington,eng,978-0-253-06215-4 978-0-253-06216-1 978-0-253-06217-8 978-0-253-06218-5,10.2307/j.ctv2nrz7bb,https://doi.org/10.2307/j.ctv2nrz7bb,
HOC-W0330,book,2018,,"Kinealy, Christine; King, Jason; Moran, Gerard",Children and the Great Hunger in Ireland,Quinnipiac University Press; Cork University Press,"Hamden, Connecticut; Cork",eng,978-0-9904686-9-1,,https://www.corkuniversitypress.com/9780990468691/children-and-the-great-hunger-in-ireland/,
HOC-W0332,book,2025,"Kline, Stephanie",,Raising the Tudors: Motherhood in Sixteenth-Century England,Pen & Sword History,Barnsley,eng,978-1-3990-3937-6; 978-1-3990-3939-0; 978-1-3990-3941-3,,https://www.pen-and-sword.co.uk/Raising-the-Tudors-Hardback/p/52734,
HOC-W0333,book,2019,"Kline, Wendy",,Coming Home: How Midwives Changed Birth,Oxford University Press,"New York, New York",eng,978-0-19-023-251-1 978-0-19-023-252-8 978-0-19-023-253-5 978-0-19-023-254-2,10.1093/oso/9780190232511.001.0001,https://doi.org/10.1093/oso/9780190232511.001.0001,
HOC-W0335,book,2022,"Kommers, Jean",,'Gypsies' in Nineteenth-Century Children's Books: A Comparative Study of Four National Literary Traditions,Brill,Leiden; Boston,eng,978-90-04-52280-0 978-90-04-52282-4,10.1163/9789004522824,https://doi.org/10.1163/9789004522824,
HOC-W0336,book,2020,,"Kostkiewicz, Janina","Crime without Punishment: The Extermination and Suffering of Polish Children during the German Occupation, 1939–1945",Jagiellonian University Press,Kraków,eng,978-83-233-4806-1 978-83-233-7093-2,,https://wuj.pl/ksiazka/crime-without-punishment,
HOC-W0338,book,2022,,"Krawatzek, Félix; Friess, Nina","Youth and Memory in Europe: Defining the Past, Shaping the Future",Walter de Gruyter,Berlin; Boston,eng,978-3-11-073-830-8 978-3-11-073-350-1 978-3-11-073-360-0,10.1515/9783110733501,https://doi.org/10.1515/9783110733501,
HOC-W0340,book,2023,"Kugler, Jimmy","Kugler, Michael",Into the Jungle!: A Boy's Comic Strip History of World War II,University Press of Mississippi,"Jackson, Mississippi",eng,978-1-4968-4281-7; 978-1-4968-4282-4; 978-1-4968-4283-1; 978-1-4968-4286-2,10.14325/mississippi/9781496842817.001.0001,https://doi.org/10.14325/mississippi/9781496842817.001.0001,
HOC-W0341,book,2021,,"Kühberger, Christoph",Mit Geschichte spielen. Zur materiellen Kultur von Spielzeug und Spielen als Darstellung der Vergangenheit,transcript Verlag,Bielefeld,ger; eng,978-3-8376-5358-8 978-3-8394-5358-2,10.14361/9783839453582,https://doi.org/10.14361/9783839453582,
HOC-W0342,book,2022,"Kunt, Gergely",,The Children’s Republic of Gaudiopolis: The History and Memory of a Children’s Home for Holocaust and War Orphans (1945–1950),Central European University Press,Budapest,eng,978-963-386-443-2 978-963-386-444-9,10.7829/j.ctv280b6ws,https://doi.org/10.7829/j.ctv280b6ws,
HOC-W0343,book,2018,"Lamb, Edel",,Reading Children in Early Modern Culture,Palgrave Macmillan,Cham,eng,978-3-319-70358-9 978-3-319-88924-5 978-3-319-70359-6,10.1007/978-3-319-70359-6,https://doi.org/10.1007/978-3-319-70359-6,
HOC-W0345,book,2024,"Lamont, Ruth; Moss, Eloise; Wildman, Charlotte",,"Friendless or Forsaken? Child Emigration from Britain to Canada, 1860–1935",McGill-Queen's University Press,Montreal,eng,978-0-2280-2127-8 978-0-2280-2128-5 978-0-2280-2180-3 978-0-2280-2181-0,10.1515/9780228021803,https://doi.org/10.1515/9780228021803,
HOC-W0348,book,2017,"Lanzing, Fred",,"Camp Life Is Paradise for Freddy: A Childhood in the Dutch East Indies, 1933–1946",Ohio University Press,"Athens, Ohio",eng,978-0-89680-307-7 978-0-89680-308-4 978-0-89680-496-8,10.2307/j.ctv21pttb3,https://doi.org/10.2307/j.ctv21pttb3,
HOC-W0349,book,2023,"Lashua, Kristen McCabe",,"Children at the Birth of Empire: British Law, Liberty, and the Global Migration of Destitute Children, c. 1607–1760",Routledge,"Abingdon, Oxon; New York",eng,978-0-367-50707-7 978-0-367-50708-4 978-1-003-05089-6,10.4324/9781003050896,https://doi.org/10.4324/9781003050896,
HOC-W0350,book,2019,,"Lässig, Simone; Weiß, Andreas",The World of Children: Foreign Cultures in Nineteenth-Century German Education and Entertainment,Berghahn Books,New York; Oxford,eng,978-1-78920-278-6 978-1-78920-279-3,10.3167/9781789202786,https://doi.org/10.3167/9781789202786,
HOC-W0351,book,2023,"Lavoie, Chantel",,"Writing through Boyhood in the Long Eighteenth Century: Age, Gender, and Work",University of Delaware Press,Newark,eng,978-1-64453-319-2 978-1-64453-320-8 978-1-64453-321-5 978-1-64453-322-2,10.36019/9781644533222,https://doi.org/10.36019/9781644533222,
HOC-W0354,book,2025,"Lee, Minji",,The Medieval Womb: Hildegard of Bingen’s Views on the Female Reproductive Body,Arc Humanities Press,Leeds,eng,978-1-80270-039-8 978-1-80270-222-4 978-1-80270-376-4 978-1-80270-377-1,10.1515/9781802702224,https://doi.org/10.1515/9781802702224,
HOC-W0355,book,2023,"Lee, Sujin",,Wombs of Empire: Population Discourses and Biopolitics in Modern Japan,Stanford University Press,"Stanford, California",eng,978-1-5036-3639-2 978-1-5036-3700-9 978-1-5036-3701-6,10.1515/9781503637016,https://doi.org/10.1515/9781503637016,
HOC-W0356,book,2018,"Lehman, Brittany",,"Teaching Migrant Children in West Germany and Europe, 1949–1992",Palgrave Macmillan,Cham,eng,978-3-319-97727-0 978-3-319-97728-7,10.1007/978-3-319-97728-7,https://doi.org/10.1007/978-3-319-97728-7,
HOC-W0358,book,2017,"Lentis, Marinella",,"Colonized through Art: American Indian Schools and Art Education, 1889–1915",University of Nebraska Press,"Lincoln, NE",eng,978-0-8032-5544-9 978-1-4962-2821-5 978-1-4962-0068-6 978-1-4962-0070-9,,https://www.nebraskapress.unl.edu/nebraska/9781496200686/colonized-through-art/,
HOC-W0360,book,2025,"Lett, Didier",,Enfants au Moyen Âge: XIIe–XVe siècle,Éditions Tallandier,Paris,fre,979-10-210-5785-2 979-10-210-5787-6,,https://www.tallandier.com/livre/enfants-au-moyen-age/,
HOC-W0361,book,2021,,"Levison, Deborah; Maynes, Mary Jo; Vavrus, Frances","Children and Youth as Subjects, Objects, Agents: Innovative Approaches to Research across Space and Time",Palgrave Macmillan,Cham,eng,978-3-030-63631-9 978-3-030-63632-6,10.1007/978-3-030-63632-6,https://doi.org/10.1007/978-3-030-63632-6,
HOC-W0363,book,2020,"Light, Jennifer S.",,"States of Childhood: From the Junior Republic to the American Republic, 1895–1945",MIT Press,"Cambridge, MA",eng,978-0-262-53901-2 978-0-262-35861-3 978-0-262-35860-6,10.7551/mitpress/12077.001.0001,https://doi.org/10.7551/mitpress/12077.001.0001,
HOC-W0364,book,2018,,"Lionetti, Lucía; Cosse, Isabella; Zapiola, María Carolina",La historia de las infancias en América Latina,Universidad Nacional del Centro de la Provincia de Buenos Aires,Tandil,spa; eng; por,978-950-658-461-0,,https://igehcs.conicet.gov.ar/wp-content/uploads/sites/104/2019/03/La-historia-de-las-infancias.pdf,
HOC-W0365,book,2024,"Liu, Jennifer",,"Indoctrinating the Youth: Secondary Education in Wartime China and Postwar Taiwan, 1937–1960",University of Hawai‘i Press,Honolulu,eng,978-0-8248-9557-0 978-0-8248-9699-7,10.2307/jj.2667618,https://doi.org/10.2307/jj.2667618,
HOC-W0366,book,2018,"Livesay, Daniel",,"Children of Uncertain Fortune: Mixed-Race Jamaicans in Britain and the Atlantic Family, 1733–1833",Omohundro Institute of Early American History and Culture ; University of North Carolina Press,"Williamsburg, VA; Chapel Hill, NC",eng,978-1-4696-3443-2 978-1-4696-3444-9,10.5149/northcarolina/9781469634432.001.0001,https://doi.org/10.5149/northcarolina/9781469634432.001.0001,
HOC-W0367,book,2023,,"Lorenzkowski, Barbara; Alexander, Kristine; Burtch, Andrew Paul","Small Stories of War: Children, Youth, and Conflict in Canada and Beyond",McGill-Queen's University Press,Montreal,eng,978-0-2280-1684-7 978-0-2280-1685-4 978-0-2280-1836-0,10.2307/jj.6047927,https://doi.org/10.2307/jj.6047927,
HOC-W0369,book,2024,"Löwy, Ilana",,Viruses and Reproductive Injustice: Zika in Brazil,Johns Hopkins University Press,Baltimore,eng,978-1-4214-4791-9,10.56021/9781421447919,https://doi.org/10.56021/9781421447919,
HOC-W0371,book,2024,"Ludwig-Körner, Christiane",,The Women of Anna Freud’s War Nurseries: Their Lives and Work,Routledge,"Abingdon, Oxon",eng,978-1-032-51779-7 978-1-032-51754-4 978-1-003-40390-6,10.4324/9781003403906,https://doi.org/10.4324/9781003403906,
HOC-W0373,book,2023,"Luttrell-Rowland, Mikaela",,"Political Children: Violence, Labor, and Rights in Peru",Stanford University Press,"Redwood City, California",eng,978-1-5036-3336-0 978-1-5036-3402-2 978-1-5036-3403-9,10.1515/9781503634039,https://doi.org/10.1515/9781503634039,
HOC-W0374,book,2025,"Luzzi, Joseph",,The Innocents of Florence: The Renaissance Discovery of Childhood,W. W. Norton & Company,New York,eng,978-1-324-06578-4 978-1-324-06579-1,,https://wwnorton.co.uk/books/9781324065784-the-innocents-of-florence,
HOC-W0375,book,2021,"Lynch, Gordon",,"UK Child Migration to Australia, 1945–1970: A Study in Policy Failure",Palgrave Macmillan,Cham,eng,978-3-030-69727-3 978-3-030-69730-3 978-3-030-69728-0,10.1007/978-3-030-69728-0,https://doi.org/10.1007/978-3-030-69728-0,
HOC-W0377,book,2019,"Maksudyan, Nazan",,Ottoman Children and Youth during World War I,Syracuse University Press,"Syracuse, NY",eng,978-0-8156-3627-4 978-0-8156-3645-8 978-0-8156-5473-5,10.2307/j.ctvkwnp0s,https://doi.org/10.2307/j.ctvkwnp0s,
HOC-W0379,book,2022,"Marcus, Lisa Algazi",,Mother's Milk and Male Fantasy in Nineteenth-Century French Narrative,Liverpool University Press,Liverpool,eng,978-1-80207-008-8 978-1-80085-392-8,10.3828/liverpool/9781802070088.001.0001,https://doi.org/10.3828/liverpool/9781802070088.001.0001,
HOC-W0380,book,2022,"Marker, Emily",,"Black France, White Europe: Youth, Race, and Belonging in the Postwar Era",Cornell University Press,"Ithaca, New York",eng,978-1-5017-6560-5 978-1-5017-6562-9,10.7591/cornell/9781501765605.001.0001,https://doi.org/10.7591/cornell/9781501765605.001.0001,
HOC-W0382,book,2022,"Marshall, Amandine",,Childhood in Ancient Egypt,American University in Cairo Press,Cairo,eng,978-1-64903-122-8 978-1-64903-243-0 978-1-64903-244-7,10.2307/j.ctv2kcwng0,https://doi.org/10.2307/j.ctv2kcwng0,
HOC-W0381,book,2024,"Marshall, Amandine",,"Motherhood and Early Childhood in Ancient Egypt: Culture, Religion, and Medicine",American University in Cairo Press,Cairo,eng,978-1-64903-090-0 978-1-64903-091-7 978-1-64903-092-4,10.2307/jj.5053554,https://doi.org/10.2307/jj.5053554,
HOC-W0383,book,2021,,"Marshall, Daniel",Queer Youth Histories,Palgrave Macmillan,London,eng,978-1-137-56549-5 978-1-137-56550-1,10.1057/978-1-137-56550-1,https://doi.org/10.1057/978-1-137-56550-1,
HOC-W0384,book,2024,"Marshall, Elizabeth A.",,The Drinking Curriculum: A Cultural History of Childhood and Alcohol,Fordham University Press,New York,eng,978-1-5315-0523-3 978-1-5315-0524-0 978-1-5315-0525-7 978-1-5315-0777-0,10.5422/fordham/9781531505233.001.0001,https://doi.org/10.5422/fordham/9781531505233.001.0001,
HOC-W0385,book,2022,"Martin, Jane",,Gender and Education in England since 1770: A Social and Cultural History,Palgrave Macmillan,Cham,eng,978-3-030-79745-4 978-3-030-79746-1,10.1007/978-3-030-79746-1,https://doi.org/10.1007/978-3-030-79746-1,
HOC-W0387,book,2017,"Mayall, Berry",,"Visionary Women and Visible Children, England 1900 – 1920: Childhood and the Women's Movement",Palgrave Macmillan,Cham,eng,978-3-319-61206-5 978-3-319-87025-0 978-3-319-61207-2,10.1007/978-3-319-61207-2,https://doi.org/10.1007/978-3-319-61207-2,
HOC-W0388,book,2022,"Mayar, Mahshid",,Citizens and Rulers of the World: The American Child and the Cartographic Pedagogies of Empire,University of North Carolina Press,Chapel Hill,eng,978-1-4696-6727-0 978-1-4696-6728-7 978-1-4696-6729-4 978-1-4696-6730-0,10.5149/northcarolina/9781469667287.001.0001,https://doi.org/10.5149/northcarolina/9781469667287.001.0001,
HOC-W0389,book,2022,"McCarthy, Harry R.",,Boy Actors in Early Modern England: Skill and Stagecraft in the Theatre,Cambridge University Press,"Cambridge New York, NY Port Melbourne, VIC New Delhi Singapore",eng,978-1-009-10665-8 978-1-009-09895-3 978-1-009-10202-5,10.1017/9781009106658,https://doi.org/10.1017/9781009106658,
HOC-W0390,book,2019,"McCausland, Elly",,"Malory's Magic Book: King Arthur and the Child, 1862–1980",D.S. Brewer,"Cambridge Rochester, NY",eng,978-1-84384-519-5 978-1-78744-412-6,10.1017/9781787444126,https://doi.org/10.1017/9781787444126,
HOC-W0391,book,2024,"McGregor, Deborah Kuhn; McGregor, Robert Kuhn",,"Rickets, Race and Reproduction: Contracted Pelvis and the American Way of Birth",McFarland & Company,"Jefferson, North Carolina",eng,978-1-4766-9371-2 978-1-4766-5104-0,,https://www.uis.edu/news/uis-emerita-professors-book-rickets-race-and-reproduction-published-posthumously,
HOC-W0392,book,2018,"McLean, Eden K.",,Mussolini's Children: Race and Elementary Education in Fascist Italy,University of Nebraska Press,Lincoln,eng,978-1-4962-0642-8 978-1-4962-0720-3 978-1-4962-0722-7,10.2307/j.ctv19x4pm,https://doi.org/10.2307/j.ctv19x4pm,
HOC-W0393,book,2025,"Meibauer, Jörg",,"The Visual Culture of East German Picturebooks 1945–1990: Architecture, Traffic, and Design of Childhood",De Gruyter,Berlin; Boston,eng,978-3-11-163666-5 978-3-11-163707-5 978-3-11-163712-9,10.1515/9783111637075,https://doi.org/10.1515/9783111637075,
HOC-W0396,book,2022,"Meyering, Isobelle Barrett",,"Feminism and the Making of a Child Rights Revolution, 1969–1979",Melbourne University Press,"Melbourne, VIC",eng,978-0-522-87783-0 978-0-522-87784-7,10.2307/jj.1176767,https://doi.org/10.2307/jj.1176767,
HOC-W0397,book,2020,"Mezger, Caroline",,"Forging Germans: Youth, Nation, and the National Socialist Mobilization of Ethnic Germans in Yugoslavia, 1918–1944",Oxford University Press,Oxford,eng,978-0-19-885016-8 978-0-19-188461-0,10.1093/oso/9780198850168.001.0001,https://doi.org/10.1093/oso/9780198850168.001.0001,
HOC-W0398,book,2024,,"Michlic, Joanna Beata; von Saal, Yuliya; Ullrich, Anna","Childhood during War and Genocide: Agency, Survival, and Representation",Wallstein Verlag,Göttingen,eng,978-3-8353-5599-6 978-3-8353-8062-2,10.46500/83535599,https://doi.org/10.46500/83535599,
HOC-W0400,book,2024,,"Millei, Zsuzsa; Piattoeva, Nelli; Silova, Iveta; Mnemo ZIN","(An)Archive: Childhood, Memory, and the Cold War",Open Book Publishers,Cambridge,eng,978-1-80511-185-6; 978-1-80511-186-3; 978-1-80511-187-0; 978-1-80511-188-7; 978-1-80511-190-0,10.11647/OBP.0383,https://doi.org/10.11647/OBP.0383,
HOC-W0402,book,2025,"Mintz, Steven; Stearns, Peter N.",,The American Child: The Transformation of Childhood since World War II,Oxford University Press,New York,eng,978-0-19-779708-2; 978-0-19-779711-2,10.1093/9780197797112.001.0001,https://doi.org/10.1093/9780197797112.001.0001,
HOC-W0404,book,2025,"Moisel, Claudia",,"John Bowlby: Kindheit, Bindung und Experten im 20. Jahrhundert",De Gruyter Oldenbourg,"München, Wien",ger,978-3-11-162369-6; 978-3-11-162389-4; 978-3-11-162400-6,10.1515/9783111623894,https://doi.org/10.1515/9783111623894,
HOC-W0405,book,2023,"Moitt, Bernard",,Child Slavery and Guardianship in Colonial Senegal,Cambridge University Press,Cambridge New York Melbourne,eng,978-1-009-29644-1 978-1-009-29647-2 978-1-009-29646-5,10.1017/9781009296441,https://doi.org/10.1017/9781009296441,
HOC-W0407,book,2024,"Moran, Rachel Louise",,Blue: A History of Postpartum Depression in America,University of Chicago Press,Chicago : London,eng,978-0-226-83579-2; 978-0-226-83580-8,10.7208/chicago/9780226835808,https://doi.org/10.7208/chicago/9780226835808,
HOC-W0409,book,2017,"Morenon, E. Pierre",,Rediscovering Lost Innocence: Archaeology at the State Home and School,Rowman & Littlefield,mdu,eng,978-0-7591-1096-0; 978-0-7591-1097-7,,https://www.bloomsbury.com/uk/rediscovering-lost-innocence-9780759110977/,
HOC-W0410,book,2023,"Morris, Wade H.",,Report Cards: A Cultural History,Johns Hopkins University Press,Baltimore,eng,978-1-4214-4716-2,10.56021/9781421447162,https://doi.org/10.56021/9781421447162,
HOC-W0412,book,2021,"Morrison, Hugh",,"Protestant Children, Missions and Education in the British World",Brill,Leiden ; Boston,eng,978-90-04-47103-0; 978-90-04-50308-3,10.1163/9789004503083,https://doi.org/10.1163/9789004503083,
HOC-W0413,book,2024,"Morrison, Hugh Douglas",,"Protestant Missionary Children's Lives, c. 1870–1950: Empire, Religion and Emotion",Manchester University Press,Manchester,eng,978-1-5261-5678-5; 978-1-5261-5677-8; 978-1-5261-5679-2; 978-1-5261-9484-8,10.7765/9781526156792,https://doi.org/10.7765/9781526156792,
HOC-W0414,book,2017,,"Morrison, Hugh; Martin, Mary Clare","Creating Religious Childhoods in Anglo-World and British Colonial Contexts, 1800–1950",Routledge,"Abingdon, Oxon ; New York, NY",eng,978-1-4724-8948-7; 978-0-367-17562-7; 978-1-315-40876-7; 978-1-315-40877-4; 978-1-315-40878-1,10.4324/9781315408781,https://doi.org/10.4324/9781315408781,
HOC-W0415,book,2021,"Morse, Ainsley",,Word Play: Experimental Poetry and Soviet Children's Literature,Northwestern University Press,"Evanston, Illinois",eng,978-0-8101-4327-2; 978-0-8101-4328-9; 978-0-8101-4329-6,,https://nupress.northwestern.edu/9780810143272/word-play/,
HOC-W0416,book,2024,"Morse, Mary",,English Birth Girdles: Devotions for Women in “Travell of Childe”,Medieval Institute Publications,,eng,978-1-5015-1814-0; 978-1-5015-1390-9; 978-1-5015-1400-5,10.1515/9781501513909,https://doi.org/10.1515/9781501513909,
HOC-W0417,book,2024,"Moruzi, Kristine",,"Philanthropy in Children's Periodicals, 1840–1930: The Charitable Child",Edinburgh University Press,Edinburgh,eng,978-1-3995-2135-2; 978-1-3995-2137-6,10.3366/edinburgh/9781399521352.001.0001,https://doi.org/10.3366/edinburgh/9781399521352.001.0001,
HOC-W0418,book,2019,,"Moruzi, Kristine; Musgrove, Nell; Leahy, Pascoe",Children's Voices from the Past: New Historical and Interdisciplinary Perspectives,Palgrave Macmillan,Cham,eng,978-3-030-11895-2; 978-3-030-11896-9,10.1007/978-3-030-11896-9,https://doi.org/10.1007/978-3-030-11896-9,
HOC-W0419,book,2024,,"Moruzi, Kristine; Rodgers, Beth; Smith, Michelle J.",The Edinburgh History of Children's Periodicals,Edinburgh University Press,Edinburgh,eng,978-1-3995-0665-6; 978-1-3995-0666-3; 978-1-3995-0667-0,10.3366/edinburgh/9781399506656.001.0001,https://doi.org/10.3366/edinburgh/9781399506656.001.0001,
HOC-W0420,book,2019,"Moshenska, Gabriel",,Material Cultures of Childhood in Second World War Britain,Routledge,London New York,eng,978-1-138-56526-5; 978-1-351-34551-4; 978-1-315-12294-6; 978-0-367-78656-4,10.4324/9781315122946,https://doi.org/10.4324/9781315122946,
HOC-W0421,book,2022,"Mudiganti, Usha",,Toying with Childhood: Tracing the Child-Toy Bond from Britain and America to India,Routledge,"Abingdon, Oxon ; New York",eng,978-0-367-48087-5; 978-0-367-55389-0; 978-1-003-09327-5,10.4324/9781003093275,https://doi.org/10.4324/9781003093275,
HOC-W0422,book,2021,"Mueller, Adeline",,Mozart and the Mediation of Childhood,University of Chicago Press,Chicago ; London,eng,978-0-226-62966-7; 978-0-226-78729-9,10.7208/chicago/9780226787299.001.0001,https://doi.org/10.7208/chicago/9780226787299.001.0001,
HOC-W0425,book,2026,"Mulder, Tara",,A Womb of One's Own: Lost Histories of Childbirth in Ancient Rome,University of California Press,"Oakland, California",eng,978-0-520-39875-7,10.1525/9780520398757,https://doi.org/10.1525/9780520398757,
HOC-W0426,book,2018,"Müller, Miriam",,"Childhood, Orphans and Underage Heirs in Medieval Rural England: Growing Up in the Village",Palgrave Macmillan,Cham,eng,978-3-030-03601-0; 978-3-030-03602-7,10.1007/978-3-030-03602-7,https://doi.org/10.1007/978-3-030-03602-7,
HOC-W0428,book,2025,"Murdoch, Lydia",,What We Mourn: Child Death and the Politics of Grief in Nineteenth-Century Britain,University of Virginia Press,Charlottesville,eng,978-0-8139-5381-6; 978-0-8139-5382-3; 978-0-8139-5383-0,10.2307/jj.34884215,https://doi.org/10.2307/jj.34884215,
HOC-W0429,book,2017,,"Murphy, Eileen M.; Le Roy, Mélie","Children, Death and Burial: Archaeological Discourses",Oxbow Books,Oxford; Philadelphia,eng,978-1-78570-712-4,10.2307/j.ctt1v2xtdg,https://doi.org/10.2307/j.ctt1v2xtdg,
HOC-W0430,book,2023,,"Murphy, Eileen; Le Roy, Mélie","Normative, Atypical or Deviant? Interpreting Prehistoric and Protohistoric Child Burial Practices",Archaeopress Archaeology,Oxford,eng,978-1-80327-512-3,10.2307/jj.15135985,https://doi.org/10.2307/jj.15135985,
HOC-W0431,book,2020,"Murphy, Emily A.",,"Growing Up with America: Youth, Myth, and National Identity 1945 to Present",University of Georgia Press,Athens,eng,978-0-8203-5780-5; 978-0-8203-5781-2; 978-0-8203-5779-9,,https://www.ugapress.org/9780820357812/growing-up-with-america/,
HOC-W0432,book,2019,"Myers, Tamara",,Youth Squad: Policing Children in the Twentieth Century,McGill-Queen's University Press,Montreal ; Kingston ; London ; Chicago,eng,978-0-7735-5892-2; 978-0-7735-5893-9; 978-0-2280-0031-0; 978-0-2280-0032-7,10.1515/9780228000310,https://doi.org/10.1515/9780228000310,
HOC-W0433,book,2025,"Neilson, Briony",,"Dangers of Youth: Age, Criminality, and Juvenile Justice Reform in Third Republic France",McGill-Queen's University Press,Montreal,eng,978-0-2280-2433-0; 978-0-2280-2434-7,10.1515/9780228024347,https://doi.org/10.1515/9780228024347,
HOC-W0434,book,2021,"Nejedly, Mary",,"The Industrious Child Worker: Child Labour and Childhood in Birmingham and the West Midlands, 1750 to 1900",University of Hertfordshire Press,Hatfield,eng,978-1-912260-43-0; 978-1-912260-46-1; 978-1-912260-47-8,,https://www.herts.ac.uk/uhpress/books-content/the-industrious-child-worker,
HOC-W0435,book,2023,,Subcultures Network,"Let's Spend the Night Together: Sex, Pop Music and British Youth Culture, 1950s–80s",Manchester University Press,Manchester,eng,978-1-5261-5998-4; 978-1-5261-5997-7; 978-1-5261-9111-3,,https://manchesteruniversitypress.co.uk/9781526159984/,
HOC-W0436,book,2025,"Neubauer, Jack",,The Adoption Plan: China and the Remaking of Global Humanitarianism,Columbia University Press,New York,eng,978-0-231-21803-0; 978-0-231-21802-3; 978-0-231-56203-4,10.7312/neub21802,https://doi.org/10.7312/neub21802,
HOC-W0438,book,2018,"Newbon, Pete",,"The Boy-Man, Masculinity and Immaturity in the Long Nineteenth Century",Palgrave Macmillan,London,eng,978-1-137-40813-6; 978-1-137-40814-3,10.1057/978-1-137-40814-3,https://doi.org/10.1057/978-1-137-40814-3,
HOC-W0439,book,2025,"Ngo, Katherine",,Unlocking the Treasury: Elementary Learning for Boys in Qing China,Lever Press,"Ann Arbor, Michigan",eng,978-1-64315-074-1; 978-1-64315-075-8,10.3998/mpub.14506576,https://doi.org/10.3998/mpub.14506576,
HOC-W0440,book,2025,,"Ngo, Katherine; Ngo, Kelly",Traditional Chinese Children's Primers: A Sourcebook,Lever Press,Ann Arbor,eng,978-1-64315-091-8; 978-1-64315-092-5,10.3998/mpub.13081893,https://doi.org/10.3998/mpub.13081893,
HOC-W0442,book,2018,"Nicholas, Jane",,"Canadian Carnival Freaks and the Extraordinary Body, 1900–1970s",University of Toronto Press,Toronto ; Buffalo ; London,eng,978-1-4875-0265-2,10.3138/9781487515744,https://doi.org/10.3138/9781487515744,
HOC-W0443,book,2023,,"Nies, Betsy L.; García Vega, Melissa","Caribbean Children's Literature. Volume 1: History, Pedagogy, and Publishing",University Press of Mississippi,Jackson,eng,978-1-4968-4451-4; 978-1-4968-4452-1; 978-1-4968-4456-9,10.14325/mississippi/9781496844514.001.0001,https://doi.org/10.14325/mississippi/9781496844514.001.0001,
HOC-W0444,book,2024,"Nightingale, Eithne",,Child Migrant Voices in Modern Britain: Oral Histories 1930s-Present Day,Bloomsbury Academic,enk,eng,978-1-350-33260-7; 978-1-350-33261-4; 978-1-350-33262-1; 978-1-350-33263-8,,https://www.bloomsbury.com/uk/child-migrant-voices-in-modern-britain-9781350332614/,
HOC-W0447,book,2023,"O'Brien, Elizabeth Aislinn",,"Surgery and Salvation: The Roots of Reproductive Injustice in Mexico, 1770–1940",University of North Carolina Press,Chapel Hill,eng,978-1-4696-7586-2,10.5149/9781469675893_obrien,https://doi.org/10.5149/9781469675893_obrien,
HOC-W0448,book,2018,"O'Day, Rosemary",,"An Elite Family in Early Modern England: The Temples of Stowe and Burton Dassett, 1570–1656",Boydell & Brewer,"Woodbridge, Suffolk ; Rochester, New York",eng,978-1-78327-087-3; 978-1-78744-271-9,10.7722/j.ctt2111dfc,https://doi.org/10.7722/j.ctt2111dfc,
HOC-W0449,book,2021,"O'Doherty, Teresa; O'Donoghue, Thomas Anthony",,"Radical Reform in Irish Schools, 1900–1922: The 'New Education' Turn",Palgrave Macmillan,Cham,eng,978-3-030-74281-2; 978-3-030-74282-9; 978-3-030-74284-3,10.1007/978-3-030-74282-9,https://doi.org/10.1007/978-3-030-74282-9,
HOC-W0450,book,2018,"O'Donnell, Mary Ellen",,Ingrained Habits: Growing Up Catholic in Mid-Twentieth-Century America,The Catholic University of America Press,"Washington, D.C",eng,978-0-8132-3037-5; 978-0-8132-3038-2; 978-0-8132-3785-5,,https://www.cuapress.org/9780813237855/ingrained-habits/,
HOC-W0451,book,2020,"O'Donnell, Thomas C.",,Fosterage in Medieval Ireland,Amsterdam University Press,,eng,978-94-6298-941-2; 978-90-4854-197-3,10.1017/9789048541973,https://doi.org/10.1017/9789048541973,
HOC-W0452,book,2018,"O'Leary, Eleanor",,Youth and Popular Culture in 1950s Ireland,Bloomsbury Academic,London New York Oxford New Delhi Sydney,eng,978-1-350-01589-0; 978-1-350-01588-3; 978-1-350-01590-6; 978-1-350-13607-6,,https://www.bloomsbury.com/uk/youth-and-popular-culture-in-1950s-ireland-9781350015890/,
HOC-W0454,book,2017,"O'Sullivan, Eilís",,"Ascendancy Women and Elementary Education in Ireland: Educational Provision for Poor Children, 1788–1848",Palgrave Macmillan,Cham,eng,978-3-319-54638-4; 978-3-319-54639-1; 978-3-319-85442-7,10.1007/978-3-319-54639-1,https://doi.org/10.1007/978-3-319-54639-1,
HOC-W0456,book,2023,,"Olsen, Stephanie; Morrison, Heidi",A Cultural History of Youth,Bloomsbury Academic,London New York Oxford New Delhi Sydney,eng,978-1-350-03268-2,,https://www.bloomsbury.com/uk/cultural-history-of-youth-9781350032682/,
HOC-W0458,book,2021,"Onusko, James A.",,"Boom Kids: Growing Up in the Calgary Suburbs, 1950–1970",Wilfrid Laurier University Press,"Waterloo, Ontario, Canada",eng,978-1-77112-498-0; 978-1-77112-500-0; 978-1-77112-501-7,10.51644/9781771125017,https://doi.org/10.51644/9781771125017,
HOC-W0460,book,2023,"Orme, Nicholas",,Tudor Children,Yale University Press,New Haven,eng,978-0-300-26796-9; 978-0-300-27168-3; 978-0-300-27611-4,10.12987/9780300271683,https://doi.org/10.12987/9780300271683,
HOC-W0461,book,2024,"Oswald, Dana",,Conceiving Bodies Reproduction in Early Medieval English Medicine,Manchester University Press,Manchester,eng,978-1-5261-7688-2; 978-1-5261-7687-5; 978-1-5261-7689-9,10.7765/9781526176899,https://doi.org/10.7765/9781526176899,
HOC-W0463,book,2024,"Owens, Camille",,Like Children: Black Prodigy and the Measure of the Human in America,New York University Press,,eng,978-1-4798-1292-9; 978-1-4798-1291-2; 978-1-4798-1295-0,10.18574/nyu/9781479812912.001.0001,https://doi.org/10.18574/nyu/9781479812912.001.0001,
HOC-W0464,book,2022,"Padilla, Tanalís",,Unintended Lessons of Revolution: Student Teachers and Political Radicalism in Twentieth-Century Mexico,Duke University Press,Durham,eng,978-1-4780-1479-9; 978-1-4780-1386-0; 978-1-4780-2208-4,10.1215/9781478022084,https://doi.org/10.1215/9781478022084,
HOC-W0465,book,2020,"Pande, Ishita",,"Sex, Law and the Politics of Age: Child Marriage in India, 1891–1937",Cambridge University Press,"Cambridge, United Kingdom ; New York, NY",eng,978-1-108-48974-4; 978-1-108-74748-6; 978-1-108-77932-6,10.1017/9781108779326,https://doi.org/10.1017/9781108779326,
HOC-W0352,book,2023,"Pascoe Leahy, Carla",,Becoming a Mother: An Australian History,Manchester University Press,Manchester,eng,978-1-5261-6120-8 978-1-5261-6119-2 978-1-5261-6121-5 978-1-5261-9082-6,10.7765/9781526161215,https://doi.org/10.7765/9781526161215,
HOC-W0467,book,2017,"Paugh, Katherine",,"The Politics of Reproduction: Race, Medicine, and Fertility in the Age of Abolition",Oxford University Press,United Kingdom,eng,978-0-19-878978-9,10.1093/oso/9780198789789.001.0001,https://doi.org/10.1093/oso/9780198789789.001.0001,
HOC-W0468,book,2017,"Peabody, Sue",,"Madeleine's Children: Family, Freedom, Secrets, and Lies in France's Indian Ocean Colonies",Oxford University Press,"New York, NY",eng,978-0-19-023388-4; 978-0-19-023391-4; 978-0-19-756361-8,10.1093/oso/9780190233884.001.0001,https://doi.org/10.1093/oso/9780190233884.001.0001,
HOC-W0470,book,2021,"Pearson, Susan J.",,The Birth Certificate: An American History,University of North Carolina Press,Chapel Hill,eng,978-1-4696-6568-9,10.5149/northcarolina/9781469665689.001.0001,https://doi.org/10.5149/northcarolina/9781469665689.001.0001,
HOC-W0471,book,2023,"Pedley, Alison C.",,"Mothers, Criminal Insanity and the Asylum in Victorian England: Cure, Redemption and Rehabilitation",Bloomsbury Academic,London New York Oxford New Dehli Sydney,eng,978-1-350-27532-4; 978-1-350-27533-1; 978-1-350-27534-8; 978-1-350-27535-5,,https://www.bloomsbury.com/uk/mothers-criminal-insanity-and-the-asylum-in-victorian-england-9781350275355/,
HOC-W0473,book,2021,"Peterson, Nadya L.",,Chekhov's Children: Context and Text in Late Imperial Russia,McGill-Queen's University Press,Montreal Kingston London Chicago,eng,978-0-2280-0765-4 978-0-2280-0625-1,10.2307/j.ctv1vtz7b3,https://doi.org/10.2307/j.ctv1vtz7b3,
HOC-W0474,book,2022,"Moret Petrini, Sylvie",,"L'enfance Sous La Plume: La Diffusion De L'écriture ÉDucative En Suisse Romande, 1750–1820",Presses universitaires de Rennes,Rennes,fre,978-2-7535-8165-4; 978-2-7535-8673-4,,https://books.openedition.org/pur/159297?lang=fr,
HOC-W0475,book,2021,"Pfeiffer, Julie",,Transforming Girls: The Work of Nineteenth-Century Adolescence,University Press of Mississippi,Jackson,eng,978-1-4968-3626-7; 978-1-4968-3627-4; 978-1-4968-3631-1,10.14325/mississippi/9781496836267.001.0001,https://doi.org/10.14325/mississippi/9781496836267.001.0001,
HOC-W0476,book,2022,"Phillips, Chelsea",,"Carrying All before Her: Celebrity Pregnancy and the London Stage, 1689–1800",University of Delaware Press,Newark,eng,978-1-64453-249-2; 978-1-64453-251-5,10.36019/9781644532515,https://doi.org/10.36019/9781644532515,
HOC-W0478,book,2023,"Plaster, Joseph",,Kids on the Street: Queer Kinship and Religion in San Francisco's Tenderloin,Duke University Press,Durham,eng,978-1-4780-1895-7; 978-1-4780-1631-1; 978-1-4780-2358-6,10.1215/9781478023586,https://doi.org/10.1215/9781478023586,
HOC-W0480,book,2021,,"Pooley, Siân; Taylor, Jonathan",Children's Experiences of Welfare in Modern Britain,Institute of Historical Research,London,eng,978-1-912702-86-2; 978-1-912702-87-9,10.14296/2109.9781912702886,https://doi.org/10.14296/2109.9781912702886,
HOC-W0481,book,2022,,"Poutrin, Isabelle; Lusset, Élisabeth",Dictionnaire Du Fouet Et De La Fessée: Corriger Et Punir,Presses Universitaires de France,Paris,eng,978-2-13-081898-4,10.3917/puf.poutr.2022.01,https://doi.org/10.3917/puf.poutr.2022.01,
HOC-W0482,book,2017,,"Preiss, Richard; Williams, Deanne","Childhood, Education and the Stage in Early Modern England",Cambridge University Press,Cambridge New York Melbourne Delhi Singapore,eng,978-1-107-09418-5; 978-1-107-47605-9; 978-1-316-14568-5,10.1017/9781316145685,https://doi.org/10.1017/9781316145685,
HOC-W0483,book,2021,,"Preston-Matto, Lahney; Valante, Mary A.",Kids Those Days: Children in Medieval Culture,Brill,Leiden ; Boston,eng,978-90-04-31517-4; 978-90-04-45826-0,10.1163/9789004458260,https://doi.org/10.1163/9789004458260,
HOC-W0484,book,2020,"Qualls, Karl D.",,"Stalin's Niños: Educating Spanish Civil War Refugee Children in the Soviet Union, 1937–1951",University of Toronto Press,Toronto ; Buffalo ; London,eng,978-1-4875-0358-1; 978-1-4875-1828-8,10.3138/9781487518288,https://doi.org/10.3138/9781487518288,
HOC-W0488,book,2025,,"Rapp, Christian; Stelzl-Marx, Barbara",Kinder Des Krieges: Aufwachsen Zwischen 1938 Und 1955,Museum Niederösterreich; Leykam Universitätsverlag,St. Pölten : Wien,ger,978-3-7011-0596-0,,https://uni.leykamverlag.at/produkt/kinder-des-krieges/,
HOC-W0489,book,2024,,"Ray, Mary Beth","Essays on Music, Adolescence, and Identity: The Adolescentia Project",Palgrave Macmillan,Cham,eng,978-3-031-55216-8; 978-3-031-55219-9; 978-3-031-55217-5,10.1007/978-3-031-55217-5,https://doi.org/10.1007/978-3-031-55217-5,
HOC-W0491,book,2023,"Rea, Lauren",,Children's Culture and Citizenship in Argentina: A History of Billiken Magazine (1919–2019),White Rose University Press,New York,eng,978-1-912482-48-1; 978-1-912482-49-8; 978-1-912482-50-4; 978-1-912482-51-1,10.22599/Billiken,https://doi.org/10.22599/Billiken,
HOC-W0492,book,2024,"Rea, Lauren",,"La historia de Billiken: Cultura infantil y ciudadanía en la Argentina, 1919–2019",SUDAMERICANA,,spa,978-950-07-7058-3,,https://www.penguinlibros.com/ar/economia-politica-y-actualidad/344931-ebook-la-historia-de-billiken-9789500770583,
HOC-W0495,book,2021,"Regaignon, Dara Rossman",,"Writing Maternity: Medicine, Anxiety, Rhetoric, and Genre",Ohio State University Press,Columbus,eng,978-0-8142-1469-5; 978-0-8142-5789-0; 978-0-8142-8115-4,,https://ohiostatepress.org/books/titles/9780814214695.html,
HOC-W0496,book,2017,"Reid, Jason",,Get Out of My Room!: A History of Teen Bedrooms in America,University of Chicago Press,"Chicago, IL",eng,978-0-226-40921-4; 978-0-226-40935-1,10.7208/chicago/9780226409351.001.0001,https://doi.org/10.7208/chicago/9780226409351.001.0001,
HOC-W0497,book,2020,"Renfro, Paul M.",,"Stranger Danger: Family Values, Childhood, and the American Carceral State",Oxford University Press,"New York, NY",eng,978-0-19-091398-4; 978-0-19-091401-1,10.1093/oso/9780190913984.001.0001,https://doi.org/10.1093/oso/9780190913984.001.0001,
HOC-W0498,book,2019,"Rhodes, Joel P.",,The Vietnam War in American Childhood,University of Georgia Press,Athens,eng,978-0-8203-5629-7; 978-0-8203-5611-2; 978-0-8203-7311-9,10.2307/j.ctvfxvbnz,https://doi.org/10.2307/j.ctvfxvbnz,
HOC-W0500,book,2025,"Owen, Ann Parry; Poppe, Erich; Rodway, Simon","Roberts, Sara Elin",Children and Parents in Medieval Welsh Law,Modern Humanities Research Association,,eng,978-1-83954-559-7 978-1-83954-560-3 978-1-83954-561-0,10.2307/jj.25577178,https://doi.org/10.2307/jj.25577178,
HOC-W0170,book,2026,,"Rocher, Michael; Dollinger, Bernd",Jugend unter Verdacht: Kriminalisierung und Maßnahmen »der Besserung« im 18. und 19. Jahrhundert,transcript Verlag,Bielefeld,ger,978-3-8376-7626-6; 978-3-8394-7626-0,10.14361/9783839476260,https://doi.org/10.14361/9783839476260,
HOC-W0501,book,2023,"Rodriguez, Sarah Mellors",,"Reproductive Realities in Modern China: Birth Control and Abortion, 1911–2021",Cambridge University Press,"Cambridge, United Kingdom ; New York, NY",eng,978-1-009-01988-0; 978-1-316-51531-0; 978-1-009-01157-0,10.1017/9781009019880,https://doi.org/10.1017/9781009019880,
HOC-W0502,book,2025,"Roebuck, Kristin",,Japan Reborn: Race and Eugenics from Empire to Cold War,Columbia University Press,,eng,978-0-231-20438-5; 978-0-231-20439-2; 978-0-231-55551-7,10.7312/roeb20438,https://doi.org/10.7312/roeb20438,
HOC-W0503,book,2022,"Rohnbogner, Anna",,Dying Young: A Bioarchaeological Analysis of Child Health in Roman Britain,BAR Publishing,Oxford,eng,978-1-4073-5959-5; 978-1-4073-5960-1,,https://www.barpublishing.com/book/dying-young/,
HOC-W0505,book,2018,,"Sánchez Romero, Margarita; Cid López, Rosa María",Motherhood and Infancies in the Mediterranean in Antiquity,Oxbow Books,Oxford,eng,978-1-78925-038-1; 978-1-78925-039-8,10.2307/j.ctvh1dnj0,https://doi.org/10.2307/j.ctvh1dnj0,
HOC-W0506,book,2025,"Roos, Liina-Ly",,"The Not-Quite Child: Colonial Histories, Racialization, and Swedish Exceptionalism",University of Washington Press,Seattle,eng,978-0-295-75381-2; 978-0-295-75382-9; 978-0-295-75383-6,10.6069/9780295753836,https://doi.org/10.6069/9780295753836,
HOC-W0509,book,2019,"Round, Julia",,Gothic for Girls: Misty and British Comics,University Press of Mississippi,Jackson,eng,978-1-4968-2445-5; 978-1-4968-2446-2; 978-1-4968-2450-9,10.14325/mississippi/9781496824455.001.0001,https://doi.org/10.14325/mississippi/9781496824455.001.0001,
HOC-W0510,book,2022,"Ruiz-Berdún, Dolores",,Historia De Las Matronas En España,Guadalmazán,Madrid,spa,978-84-17547-83-7; 978-84-19414-09-0,,https://editorialguadalmazan.com/libro/historia-de-las-matronas-en-espana,
HOC-W0370,book,2025,,"Ryan, Salvador",Childhood and the Irish: A Miscellany,Wordwell Books,Dublin,eng,978-1-916742-19-2 978-1-916742-20-8,,https://wordwellbooks.com/index.php?path=65&product_id=2194&route=product%2Fproduct,
HOC-W0511,book,2023,"Sachs, Miranda",,An Age to Work: Working-Class Childhood in Third Republic Paris,Oxford University Press,"New York, NY",eng,978-0-19-763845-3; 978-0-19-763848-4,10.1093/oso/9780197638453.001.0001,https://doi.org/10.1093/oso/9780197638453.001.0001,
HOC-W0512,book,2018,"Saguisag, Lara",,Incorrigibles and Innocents: Constructing Childhood and Citizenship in Progressive Era Comics,Rutgers University Press,,eng,978-0-8135-9176-6; 978-0-8135-9177-3; 978-0-8135-9178-0; 978-0-8135-9180-3,10.36019/9780813591803,https://doi.org/10.36019/9780813591803,
HOC-W0513,book,2025,"Sahrakorpi, Tiia",,"Emotions, Subjectivities, and Memories of the Hitler Youth Generation: Between Reality and Fantasy, 1945–2015",Bloomsbury Academic,London,eng,978-1-350-54888-6; 978-1-350-54890-9; 978-1-350-54892-3,10.5040/9781350548923,https://doi.org/10.5040/9781350548923,
HOC-W0514,book,2023,"Salminen, Elina M.",,"Age, Gender and Status in Macedonian Society, 550–300 BCE: Intersectional Approaches to Mortuary Archaeology",Edinburgh University Press,Edinburgh,eng,978-1-3995-2444-5; 978-1-3995-2446-9,10.3366/edinburgh/9781399524445.001.0001,https://doi.org/10.3366/edinburgh/9781399524445.001.0001,
HOC-W0515,book,2020,"Sanders, Jeffrey C.",,"Razing Kids: Youth, Environment, and the Postwar American West",Cambridge University Press,"Cambridge, United Kingdom ; New York, NY",eng,978-1-107-11058-8; 978-1-107-52754-6; 978-1-316-27541-2,10.1017/9781316275412,https://doi.org/10.1017/9781316275412,
HOC-W0516,book,2018,,"Saraswathi, T. S.; Menon, Shailaja; Madan, Ankur","Childhoods in India: Traditions, Trends, and Transformations",Routledge,"Abingdon, Oxon ; New York, NY",eng,978-1-138-10636-9; 978-1-138-22171-0,,https://www.routledge.com/Childhoods-in-India-Traditions-Trends-and-Transformations/SARASWATHI-Menon-Madan/p/book/9780367345143,
HOC-W0517,book,2022,"Savonarola, Michele","Zuccolin, Gabriella",A Mother's Manual for the Women of Ferrara: A Fifteenth-Century Guide to Pregnancy and Pediatrics,Iter Press,New York,eng,978-1-64959-030-5; 978-1-64959-031-2,,https://iterpress.org/9781649590305/a-mothers-manual-for-the-women-of-ferrara/,
HOC-W0518,book,2023,"Sawyer, Rose A.",,"The Medieval Changeling: Health, Childcare, and the Family Unit",D.S. Brewer,Cambridge,eng,978-1-84384-651-2; 978-1-80010-928-5,10.1017/9781800109285,https://doi.org/10.1017/9781800109285,
HOC-W0519,book,2021,"Schieder, Chelsea Szendi",,Coed Revolution: The Female Student in the Japanese New Left,Duke University Press,Durham,eng,978-1-4780-9064-9 978-1-4780-1297-9,10.1215/9781478012979,https://doi.org/10.1215/9781478012979,
HOC-W0520,book,2021,"Schmidt-Hori, Sachi",,Tales of Idolized Boys: Male-Male Love in Medieval Japanese Buddhist Narratives,University of Hawaii Press,Honolulu,eng,978-0-8248-8679-0; 978-0-8248-8892-3; 978-0-8248-8893-0,10.1515/9780824888930,https://doi.org/10.1515/9780824888930,
HOC-W0522,book,2025,"Sims-Schouten, Wendy",,Revisiting Childhood Resilience Through Marginalised and Displaced Voices: Perspectives from the Past and Present,UCL Press,London,eng,978-1-80008-773-6; 978-1-80008-774-3; 978-1-80008-775-0; 978-1-80008-776-7,10.14324/111.9781800087750,https://doi.org/10.14324/111.9781800087750,
HOC-W0523,book,2020,"Schroeder, Caroline T.",,Children and Family in Late Antique Egyptian Monasticism,Cambridge University Press,Cambridge,eng,978-1-107-15687-6; 978-1-316-61008-4; 978-1-316-66164-2,10.1017/9781316661642,https://doi.org/10.1017/9781316661642,
HOC-W0524,book,2017,"Schulz, Joy",,"Hawaiian by Birth: Missionary Children, Bicultural Identity, and U.s. Colonialism in the Pacific",University of Nebraska Press,Lincoln,eng,978-0-8032-8589-7; 978-1-4962-0237-6; 978-1-4962-0235-2; 978-1-4962-1949-7,10.2307/j.ctt1s475n1,https://doi.org/10.2307/j.ctt1s475n1,
HOC-W0525,book,2017,"Seaton, Sarah",,Childhood and Death in Victorian England,Pen & Sword History,"Barnsley, South Yorkshire",eng,978-1-4738-7702-3; 978-1-4738-7704-7,,https://www.pen-and-sword.co.uk/Childhood-and-Death-in-Victorian-England-Paperback/p/13606,
HOC-W0527,book,2023,"Shalvey, Aisling",,Paediatrics in the Reichsuniversität Straßburg: Children's Medicine at a Bastion of Nazi Ideology,University of Exeter Press,Exeter,eng,978-1-80413-089-6,10.47788/HUGC9927,https://doi.org/10.47788/HUGC9927,
HOC-W0528,book,2020,,"Sharrock, Alison; Keith, Alison",Maternal Conceptions in Classical Literature and Philosophy,University of Toronto Press,Toronto ; Buffalo ; London,eng,978-1-4875-3201-7; 978-1-4875-3202-4; 978-1-4875-3203-1,10.3138/j.ctvwh8d50,https://doi.org/10.3138/j.ctvwh8d50,
HOC-W0529,book,2017,"Shearer, Tobin Miller",,Two Weeks Every Summer: Fresh Air Children and the Problem of Race in America,Cornell University Press,Ithaca,eng,978-1-5017-0745-2; 978-1-5017-0845-9; 978-1-5017-0846-6,10.7591/j.ctt1qv5qj7,https://doi.org/10.7591/j.ctt1qv5qj7,
HOC-W0531,book,2017,,"Silova, Iveta; Piattoeva, Nelli; Millei, Zsuzsa",Childhood and Schooling in (Post) Socialist Societies: Memories of Everyday Life,Palgrave Macmillan,"New York, NY",eng,978-3-319-62790-8; 978-3-319-62791-5,10.1007/978-3-319-62791-5,https://doi.org/10.1007/978-3-319-62791-5,
HOC-W0532,book,2025,"Simonton, Deborah",,Girlhood in Eighteenth-Century Britain: The Working Girl,Routledge,S.l.,eng,978-1-032-53464-0; 978-1-032-53465-7,,https://www.routledge.com/Girlhood-in-Eighteenth-Century-Britain-The-Working-Girl/Simonton/p/book/9781032534657,
HOC-W0533,book,2020,"Simpson, Patricia Anne",,"The Play World: Toys, Texts, and the Transatlantic German Childhood",Pennsylvania State University Press,"University Park, Pennsylvania",eng,978-0-271-08699-6; 978-0-271-08700-9,10.5325/j.ctv18r6rcq,https://doi.org/10.5325/j.ctv18r6rcq,
HOC-W0534,book,2018,"Sivan, Hagith",,Jewish Childhood in the Roman World,Cambridge University Press,"[Cambridge, United Kingdom] ; New York",eng,978-1-107-09017-0; 978-1-316-10626-6,10.1017/9781316106266,https://doi.org/10.1017/9781316106266,
HOC-W0535,book,2021,"Skinner, Annie",,"Behind Closed Doors: Hidden Histories of Children Committed to Care in the Late Nineteenth Century, 1882–1899",Peter Lang,Oxford,eng,978-1-78997-373-0; 978-1-78997-374-7; 978-1-78997-375-4; 978-1-78997-376-1,10.3726/b18410,https://doi.org/10.3726/b18410,
HOC-W0537,book,2021,"Sliwa, Joanna",,Jewish Childhood in Kraków: A Microhistory of the Holocaust,Rutgers University Press,New Brunswick,eng,978-1-9788-2293-1; 978-1-9788-2295-5; 978-1-9788-2297-9,10.36019/9781978822979,https://doi.org/10.36019/9781978822979,
HOC-W0539,book,2023,"Smith, Vanessa",,Toy Stories: Analyzing the Child in Nineteenth-Century Literature,Fordham University Press,"New York, NY",eng,978-1-5315-0357-4; 978-1-5315-0360-4; 978-1-5315-0428-1,10.5422/fordham/9781531503574.001.0001,https://doi.org/10.5422/fordham/9781531503574.001.0001,
HOC-W0540,book,2022,"Smyth, Terry",,"Captive Fathers, Captive Children: Legacies of the War in the Far East",Bloomsbury Academic,,eng,978-1-350-19424-3; 978-1-350-19429-8; 978-1-350-19426-7; 978-1-350-19666-7,,https://www.bloomsbury.com/uk/captive-fathers-captive-children-9781350194243/,
HOC-W0541,book,2023,"Soares, Claudia",,"A Home from Home?: Children and Social Care in Victorian and Edwardian Britain, 1870–1920",Oxford University Press,United Kingdom,eng,978-0-19-289747-3; 978-0-19-192392-0,10.1093/oso/9780192897473.001.0001,https://doi.org/10.1093/oso/9780192897473.001.0001,
HOC-W0542,book,2021,"Soderberg, Laura",,Vicious Infants: Dangerous Childhoods in Antebellum U.s. Literature,University of Massachusetts Press,Amherst,eng,978-1-62534-588-2,10.2307/j.ctv1x675xt,https://doi.org/10.2307/j.ctv1x675xt,
HOC-W0543,book,2019,"Solinger, Rickie",,Pregnancy and Power: A History of Reproductive Politics in the United States,New York University Press,New York,eng,978-1-4798-4745-7; 978-1-4798-6650-2; 978-1-4798-8381-3,,https://nyupress.org/9781479883813/pregnancy-and-power-revised-edition/,
HOC-W0544,book,2024,"Sosenski, Susana",,"The Fear of Robachicos in Mexico: Media, Childhood and Child Kidnapping, 1900–1968",Bloomsbury Academic,London,eng,978-1-350-42443-2; 978-1-350-42444-9; 978-1-350-42445-6; 978-1-350-42446-3,10.5040/9781350431393,https://doi.org/10.5040/9781350431393,
HOC-W0546,book,2025,"Soyer, François",,The Blood Libel in Medieval Antisemitism,Arc Humanities Press,,eng,978-1-80270-180-7; 978-1-80270-362-7; 978-1-80270-363-4,10.2307/jj.30522578,https://doi.org/10.2307/jj.30522578,
HOC-W0547,book,2024,"Sparey, Victoria",,"Shakespeare's Adolescents: Age, Gender and the Body in Shakespearean Performance and Early Modern Culture",Manchester University Press,Manchester,eng,978-1-5261-6819-1; 978-1-5261-6818-4; 978-1-5261-9537-1,10.7765/9781526168207,https://doi.org/10.7765/9781526168207,
HOC-W0548,book,2021,"Sreenivas, Mytheli",,Reproductive politics and the making of modern India,University of Washington Press,Seattle,eng,978-0-295-74884-9; 978-0-295-74885-6,10.6069/9780295748856,https://doi.org/10.6069/9780295748856,
HOC-W0549,book,2019,"Stańczyk, Ewa",,Commemorating the Children of World War II in Poland: Combative Remembrance,Springer International Publishing,"Cham, Switzerland",eng,978-3-030-32261-8; 978-3-030-32262-5; 978-3-030-32264-9,10.1007/978-3-030-32262-5,https://doi.org/10.1007/978-3-030-32262-5,
HOC-W0558,book,2025,"Swann, Elizabeth L.",,"Science as Child's Play in Seventeenth-Century England: Innocence, Experience, Experiment",Palgrave Macmillan,,eng,978-3-031-75848-5; 978-3-031-75849-2,10.1007/978-3-031-75849-2,https://doi.org/10.1007/978-3-031-75849-2,
HOC-W0559,book,2025,"Swartz, Rebecca",,"Children and Freedom in the Cape Colony: Age, Labour and Apprenticeship in the Post-Emancipation British Empire",Bloomsbury Academic,London,eng,978-1-350-34137-1; 978-1-350-34139-5; 978-1-350-34138-8,10.5040/9781350347632,https://doi.org/10.5040/9781350347632,
HOC-W0560,book,2019,"Swartz, Rebecca",,"Education and Empire: Children, Race and Humanitarianism in the British Settler Colonies, 1833–1880",Palgrave Macmillan,"Cham, Switzerland",eng,978-3-319-95908-5; 978-3-319-95909-2,10.1007/978-3-319-95909-2,https://doi.org/10.1007/978-3-319-95909-2,
HOC-W0561,book,2024,"Sykes, Katharine",,Symbolic Reproduction in Early Medieval England: Secular and Monastic Households,Oxford University Press,New York,eng,978-0-19-284475-0; 978-0-19-193332-5,10.1093/9780191933325.001.0001,https://doi.org/10.1093/9780191933325.001.0001,
HOC-W0562,book,2021,"Talairach, Laurence",,"Animals, Museum Culture and Children's Literature in Nineteenth-Century Britain: Curious Beasties",Springer,Basingstoke,eng,978-3-030-72526-6; 978-3-030-72527-3; 978-3-030-72529-7,10.1007/978-3-030-72527-3,https://doi.org/10.1007/978-3-030-72527-3,
HOC-W0563,book,2019,"Tambe, Ashwini",,Defining Girlhood in India: A Transnational History of Sexual Maturity Law,University of Illinois Press,Urbana,eng,978-0-252-04272-0; 978-0-252-08456-0; 978-0-252-05158-6,10.5622/illinois/9780252042720.001.0001,https://doi.org/10.5622/illinois/9780252042720.001.0001,
HOC-W0564,book,2017,"Taylor, Lynne",,"In the Children's Best Interests: Unaccompanied Children in American-Occupied Germany, 1945–1952",University of Toronto Press,Toronto,eng,978-1-4875-0235-5; 978-1-4875-2194-3,,https://www.fachportal-paedagogik.de/literatur/vollanzeige.html?FId=3264345,
HOC-W0566,book,2019,,"Terpstra, Nicholas",Lives Uncovered: A Sourcebook of Early Modern Europe,University of Toronto Press,Toronto ; Buffalo ; London,eng,978-1-4426-0732-3; 978-1-4875-9451-0; 978-1-4426-0733-0,,https://www.history.utoronto.ca/research-publications/faculty-publications/lives-uncovered-sourcebook-early-modern-europe,
HOC-W0567,book,2023,,"Terpstra, Nicholas",Lost and Found: Locating Foundlings in the Early Modern World,Officina libraria ; I Tatti,"Rome-Italy, Florence",eng,978-88-3367-220-5; 978-0-674-29616-9,,https://itatti.harvard.edu/publications/lost-and-found-locating-foundlings-early-modern-world,
HOC-W0569,book,2025,"Teter, Magda",,"Blood Libels, Hostile Archives: Reclaiming Interrupted Jewish Lives",Central European University Press,,eng,978-963-386-825-6; 978-963-386-826-3; 978-963-386-827-0,10.7829/jj.18377256,https://doi.org/10.7829/jj.18377256,
HOC-W0570,book,2019,"Theobald, Brianna",,"Reproduction on the Reservation: Pregnancy, Childbirth, and Colonialism in the Long Twentieth Century",University of North Carolina Press,Chapel Hill,eng,978-1-4696-5315-0; 978-1-4696-5316-7; 978-1-4696-5318-1,10.5149/northcarolina/9781469653167.001.0001,https://doi.org/10.5149/northcarolina/9781469653167.001.0001,
HOC-W0571,book,2022,"Thiesen, Helene","Minton, Stephen James",Greenland's Stolen Indigenous Children: A Personal Testimony,Routledge,London,eng,978-1-032-14935-6; 978-1-000-78117-5; 978-1-000-78119-9; 978-1-003-24184-3,10.4324/9781003241843,https://doi.org/10.4324/9781003241843,
HOC-W0572,book,2019,"Thomas, Sarah",,Inhabiting the in-between: Childhood and Cinema in Spain's Long Transition,University of Toronto Press,Toronto ; Buffalo,eng,978-1-4875-0488-5; 978-1-4875-3108-9,10.3138/9781487531089,https://doi.org/10.3138/9781487531089,
HOC-W0574,book,2019,"Thornton, Tim; Carlton, Katharine",,"The Gentleman's Mistress: Illegitimate Relationships and Children, 1450–1640",Manchester University Press,Manchester,eng,978-1-5261-1406-8; 978-1-5261-1407-5; 978-1-5261-1409-9,10.7765/9781526114082,https://doi.org/10.7765/9781526114082,
HOC-W0575,book,2018,"Tillman, Margaret Mih",,"Raising China's Revolutionaries: Modernizing Childhood for Cosmopolitan Nationalists and Liberated Comrades, 1920s–1950s",Columbia University Press,"New York, NY",eng,978-0-231-18558-5; 978-0-231-54622-5,,https://cup.columbia.edu/book/raising-chinas-revolutionaries/9780231546225/,
HOC-W0576,book,2019,"Tisdall, Laura",,A Progressive Education?: How Childhood Changed in Mid-Twentieth-Century English and Welsh Schools,Manchester University Press,Manchester,eng,978-1-5261-3289-5; 978-1-5261-3291-8; 978-1-5261-5041-7; 978-1-5261-7456-7,10.7765/9781526132901,https://doi.org/10.7765/9781526132901,
HOC-W0577,book,2026,"Tisdall, Laura",,We Have Come to Be Destroyed: Growing Up in Cold War Britain,Yale University Press,New Haven,eng,978-0-300-27952-8; 978-0-300-29257-2; 978-0-300-29258-9,,https://yalebooks.yale.edu/book/9780300292572/we-have-come-to-be-destroyed/,
HOC-W0578,book,2025,"Toepfer, Regina",,"Negotiating Childlessness in the Middle Ages: Stories of Desired, Refused, and Regretted Parenthood",Arc Humanities Press,Amsterdam,eng,978-1-80270-244-6; 978-1-80270-313-9; 978-1-80270-311-5; 978-1-80270-312-2,10.2307/jj.27608535,https://doi.org/10.2307/jj.27608535,
HOC-W0579,book,2023,"Tribunella, Eric L",,"Male Homosexuality in Children's Literature, 1867–1918: The Young Uranians",Routledge,London,eng,978-1-032-44112-2; 978-1-032-44113-9; 978-1-003-37052-9,10.4324/9781003370529,https://doi.org/10.4324/9781003370529,
HOC-W0580,book,2025,"Trivett, Emma",,"Reproductive Pressure and Royal Couples: Medieval England and Scotland, Ca. 1200–1400",Arc Humanities Press,Leeds,eng,978-1-80270-212-5; 978-1-80270-430-3; 978-1-80270-431-0,10.2307/jj.38479220,https://doi.org/10.2307/jj.38479220,
HOC-W0582,book,2017,"Turner, Sasha",,"Contested Bodies: Pregnancy, Childrearing, and Slavery in Jamaica",University of Pennsylvania Press,Place of publication not identified,eng,978-0-8122-4918-7; 978-0-8122-2460-3; 978-0-8122-9405-7,10.9783/9780812294057,https://doi.org/10.9783/9780812294057,
HOC-W0583,book,2025,"Udel, Miriam",,Modern Jewish Worldmaking through Yiddish Children's Literature,Princeton University Press,Princeton,eng,978-0-691-25437-1; 978-0-691-25438-8; 978-0-691-25441-8,10.2307/jj.28558266,https://doi.org/10.2307/jj.28558266,
HOC-W0584,book,2024,"Underwood, Lucy",,A Cultural History of Youth in the Renaissance,Bloomsbury Academic,London,eng,978-1-350-03301-6; 978-1-350-03302-3,10.5040/9781350033023,https://www.bloomsbury.com/uk/cultural-history-of-youth-in-the-renaissance-9781350033016/,
HOC-W0585,book,2019,"Vaclavik, Kiera",,"Fashioning Alice: The Career of Lewis Carroll's Icon, 1860–1901",Bloomsbury Academic,,eng,978-1-4742-9038-8; 978-1-4742-9039-5; 978-1-4742-9040-1; 978-1-350-14884-0,,https://www.bloomsbury.com/uk/fashioning-alice-9781474290401/,
HOC-W0586,book,2025,"Van Slyck, Abigail Ayres",,Playhouses and Privilege: The Architecture of Elite Childhood,University of Minnesota Press,Minneapolis,eng,978-1-5179-1695-4; 978-1-5179-1696-1; 978-1-4529-7187-2; 978-1-4529-7186-5,,https://www.upress.umn.edu/9781517916954/playhouses-and-privilege/,
HOC-W0587,book,2019,"Van Steen, Gonda",,"Adoption, Memory, and Cold War Greece: Kid Pro Quo?",University of Michigan Press,Ann Arbor,eng,978-0-472-13158-7; 978-0-472-03881-7; 978-0-472-12606-4,10.3998/mpub.11333937,https://doi.org/10.3998/mpub.11333937,
HOC-W0589,book,2017,"Vänskä, Annamari",,Fashionable Childhood: Children in Advertising,Bloomsbury Academic,New York,eng,978-1-4725-6844-1; 978-1-4725-6845-8; 978-1-4725-6846-5; 978-1-4725-6847-2,,https://www.bloomsbury.com/uk/fashionable-childhood-9781472568472/,
HOC-W0590,book,2021,"Varsa, Eszter",,"Protected Children, Regulated Mothers: Gender and the ""Gypsy Question"" in State Care in Postwar Hungary, 1949–1956",Central European University Press,Budapest ; New York,eng,978-963-386-341-1; 978-963-386-342-8,10.7829/j.ctv18b5c4c,https://doi.org/10.7829/j.ctv18b5c4c,
HOC-W0593,book,2020,"Samper Vendrell, Javier",,The Seduction of Youth: Print Culture and Homosexual Rights in the Weimar Republic,University of Toronto Press,Toronto ; Buffalo ; London,eng,978-1-4875-0734-3; 978-1-4875-2503-3; 978-1-4875-3606-0; 978-1-4875-3605-3,,https://www.degruyterbrill.com/document/doi/10.3138/9781487536053-fm/pdf,
HOC-W0594,book,2021,"Cortés Vieco, Francisco José",,"Bearing Liminality, Laboring White Ink: Pregnancy and Childbirth in Women's Literature",Peter Lang,Oxford ; New York,eng,978-1-80079-013-1; 978-1-80079-014-8; 978-1-80079-015-5; 978-1-80079-016-2,10.3726/b17621,https://doi.org/10.3726/b17621,
HOC-W0595,book,2025,"Vine, Emily",,"Birth, Death, and Domestic Religion in Early Modern London",Cambridge University Press,Cambridge,eng,978-1-009-45723-1; 978-1-009-45719-4,10.1017/9781009457194,https://doi.org/10.1017/9781009457194,
HOC-W0596,book,2025,"Virdi, Jaipreet",,Echoes of Care: Deafness in Modern Britain,McGill-Queen's University Press,Montreal,eng,978-0-2280-2365-4; 978-0-2280-2366-1; 978-0-2280-2367-8,,https://wellcomecollection.org/works/d6cm8n3e,
HOC-W0599,book,2022,"Vuković, Marijana",,Survival and Success of an Apocryphal Childhood of Jesus: Reception of the Infancy Gospel of Thomas in the Middle Ages,De Gruyter,Berlin ; Boston,eng,978-3-11-075272-4; 978-3-11-075278-6; 978-3-11-075285-4,10.1515/9783110752786,https://doi.org/10.1515/9783110752786,
HOC-W0601,book,2020,"Waggoner, Diane",,Lewis Carroll's Photography and Modern Childhood,Princeton University Press,Princeton,eng,978-0-691-19318-2,,https://books.google.com/books?id=K5mzDwAAQBAJ,
HOC-W0602,book,2020,,"Wagner, Jens-Christian","Zwischen Verfolgung Und ""Volksgemeinschaft"": Kindheit und Jugend Im Nationalsozialismus",Wallstein Verlag,Göttingen,ger,978-3-8353-3517-2,,https://www.wallstein-verlag.de/9783835335172-zwischen-verfolgung-und-volksgemeinschaft.html,
HOC-W0603,book,2020,"Wagner, Tamara S.",,"The Victorian Baby in Print: Infancy, Infant Care, and Nineteenth-Century Popular Culture",Oxford University Press,Oxford,eng,978-0-19-885801-0; 978-0-19-189056-7,10.1093/oso/9780198858010.001.0001,https://doi.org/10.1093/oso/9780198858010.001.0001,
HOC-W0604,book,2021,"Walker, Steven",,Children Forsaken: Child Abuse from Ancient to Modern Times,Routledge,St Albans,eng,978-1-913453-81-7,10.4324/9781041054498,https://www.routledge.com/Children-Forsaken-Child-Abuse-from-Ancient-to-Modern-Times/Walker/p/book/9781913453817,
HOC-W0606,book,2022,"Ward, Emily Joan",,"Royal Childhood and Child Kingship: Boy Kings in England, Scotland, France and Germany, c. 1050–1262",Cambridge University Press,"Cambridge, United Kingdom ; New York, NY",eng,978-1-108-83837-5; 978-1-108-97451-6; 978-1-108-97884-2,10.1017/9781108974516,https://doi.org/10.1017/9781108974516,
HOC-W0607,book,2024,"Warren, Christian",,Starved for Light: The Long Shadow of Rickets and Vitamin D Deficiency,University of Chicago Press,"Chicago, IL",eng,978-0-226-15193-9; 978-0-226-15209-7,10.7208/chicago/9780226152097.001.0001,https://doi.org/10.7208/chicago/9780226152097.001.0001,
HOC-W0608,book,2020,,"Warren, Diane; Peters, Laura","Rereading Orphanhood: Texts, Inheritance, Kin",Edinburgh University Press,Edinburgh,eng,978-1-4744-6436-9; 978-1-4744-8482-4; 978-1-4744-6438-3,10.3366/edinburgh/9781474464369.001.0001,https://doi.org/10.3366/edinburgh/9781474464369.001.0001,
HOC-W0609,book,2023,"Wasmuth, Helge; Sauerbrey, Ulf; Winkler, Michael",,Finding Froebel: The Man Who Invented Kindergarten,Bloomsbury Academic.,London,eng,978-1-350-26923-1; 978-1-350-26927-9,,https://www.bloomsbury.com/us/finding-froebel-9781350269231/,
HOC-W0610,book,2018,"Watkins, Emma; Godfrey, Barry",,Criminal Children: Researching Juvenile Offenders 1820–1920,Pen & Sword History,,eng,978-1-5267-3808-0,,https://books.google.com/books?id=2kFoDwAAQBAJ,
HOC-W0613,book,2021,"Webster, Crystal Lynn",,Beyond the Boundaries of Childhood: African American Children in the Antebellum North,University of North Carolina Press,Chapel Hill,eng,978-1-4696-6322-7; 978-1-4696-6323-4; 978-1-4696-6324-1; 978-1-4696-6325-8,10.5149/northcarolina/9781469663234.001.0001,https://doi.org/10.5149/northcarolina/9781469663234.001.0001,
HOC-W0614,book,2021,"Weesjes, Elke",,"Growing Up Communist in the Netherlands and Britain: Childhood, Political Activism, and Identity Formation",Amsterdam University Press,,eng,978-94-6372-663-4; 978-90-4855-185-9,10.5117/9789463726634,https://doi.org/10.5117/9789463726634,
HOC-W0615,book,2019,"Weierman, Karen Woods",,"The Case of the Slave-Child, Med: Free Soil in Antislavery Boston",University of Massachusetts Press,Amherst,eng,978-1-62534-475-5; 978-1-62534-476-2,10.2307/j.ctvq4c1s3,https://doi.org/10.2307/j.ctvq4c1s3,
HOC-W0616,book,2024,"Welker, James",,"Transfiguring Women in Late Twentieth-Century Japan: Feminists, Lesbians, and Girls' Comics Artists and Fans",University of Hawaii Press,Honolulu,eng,978-0-8248-7268-7; 978-0-8248-7269-4; 978-0-8248-9823-6; 978-0-8248-9824-3; 978-0-8248-9825-0,10.1515/9780824898236,https://doi.org/10.1515/9780824898236,
HOC-W0617,book,2026,"Wells, Andrew",,"Generating Difference: Race and Reproduction in the British Empire, 1660–1840",Johns Hopkins University Press,Baltimore,eng,978-1-4214-5360-6; 978-1-4214-5361-3,10.56021/9781421453606,https://doi.org/10.56021/9781421453606,
HOC-W0620,book,2020,"West, Kristina",,Reading the Salem Witch Child: The Guilt of Innocent Blood,Springer,Basingstoke,eng,978-3-030-49303-5; 978-3-030-49304-2; 978-3-030-49306-6,10.1007/978-3-030-49304-2,https://doi.org/10.1007/978-3-030-49304-2,
HOC-W0621,book,2025,"Westling, Karolina",,The Cinematic Enfant Terrible: Rule Breaking Children and Teenagers in French Cinema,Bloomsbury Academic,New York,eng,979-8-7651-0543-6; 979-8-7651-0544-3; 979-8-7651-0545-0,,https://www.bloomsbury.com/us/cinematic-enfant-terrible-9798765105450/,
HOC-W0622,book,2020,"White, Elizabeth",,A Modern History of Russian Childhood: From the Late Imperial Period to the Collapse of the Soviet Union,Bloomsbury Academic,London (GB),eng,978-1-4742-4022-2; 978-1-4742-4023-9; 978-1-4742-4024-6,,https://www.bloomsbury.com/uk/modern-history-of-russian-childhood-9781474240222/,
HOC-W0623,book,2023,"Whiteley, Rebecca",,Birth Figures: Early Modern Prints and the Pregnant Body,University of Chicago Press,Chicago ; London,eng,978-0-226-82312-6; 978-0-226-82313-3,10.7208/chicago/9780226823133.001.0001,https://doi.org/10.7208/chicago/9780226823133.001.0001,
HOC-W0624,book,2026,"Whitmer, Kelly J.",,"Useful Nature(s): Science, Pedagogy and the Power of Youth in Early Modern Central Europe",Brepols,,eng,978-2-503-61941-5; 978-2-503-61942-2,,https://www.brepols.net/products/IS-9782503619415-1,
HOC-W0625,book,2025,"Widl, Lucie","Götz, Norbert",From Kindertransport to Post-War Sweden: My Memories,Södertörns högskola,,eng,978-91-89615-50-2,,https://urn.kb.se/resolve?urn=urn:nbn:se:sh:diva-56177,
HOC-W0626,book,2023,"Williams, Amy; Niven, Bill",,"National and Transnational Memories of the Kindertransport: Exhibitions, Memorials, and Commemorations",Camden House,"Rochester, New York",eng,978-1-64014-130-8; 978-1-80010-872-1; 978-1-80010-873-8,10.1017/9781800108721,https://doi.org/10.1017/9781800108721,
HOC-W0627,book,2025,"Williams, Ogechukwu E.",,"Birth Politics: Colonial Power, Medical Pluralism, and Maternity in Nigeria",Johns Hopkins University Press,Baltimore,eng,978-1-4214-5276-0,10.56021/9781421452760,https://doi.org/10.56021/9781421452760,
HOC-W0628,book,2025,"Williams, Sara",,The Maternal Gaze in the Gothic,Springer,Cham,eng,978-3-031-70665-3; 978-3-031-70666-0; 978-3-031-70668-4,10.1007/978-3-031-70666-0,https://doi.org/10.1007/978-3-031-70666-0,
HOC-W0629,book,2025,"Wilson, Susannah",,"A Most Quiet Murder: Maternity, Affliction, and Violence in Late Nineteenth-Century France",Cornell University Press,Ithaca,eng,978-1-5017-8423-1 978-1-5017-8424-8,10.1515/9781501784248,https://doi.org/10.1515/9781501784248,
HOC-W0630,book,2024,"Winder, Jon",,"Designed for Play: Children's Playgrounds and the Politics of Urban Space, 1840–2010",University of London Press,,eng,978-1-914477-48-5; 978-1-914477-49-2; 978-1-914477-50-8; 978-1-914477-51-5; 978-1-914477-68-3,,https://doi.org/10.14296/mgyc2910,
HOC-W0631,book,2017,"Winkler, Martina",,Kindheitsgeschichte: eine Einführung,Vandenhoeck & Ruprecht,Göttingen,ger,978-3-525-30106-7; 978-3-647-30106-8; 978-3-647-99812-1,,https://books.google.com/books?id=nrLkEAAAQBAJ,
HOC-W0632,book,2019,"Woo, Susie",,Framed by War: Korean Children and Women at the Crossroads of Us Empire,New York University Press,New York,eng,978-1-4798-8991-4; 978-1-4798-4571-2; 978-1-4798-8053-9,10.18574/nyu/9781479889914.001.0001,https://doi.org/10.18574/nyu/9781479889914.001.0001,
HOC-W0634,book,2020,"Wood, Betsy",,Upon the Altar of Work: Child Labor and the Rise of a New American Sectionalism,University of Illinois Press,Urbana,eng,978-0-252-04344-4; 978-0-252-05232-3,10.5622/illinois/9780252043444.001.0001,https://doi.org/10.5622/illinois/9780252043444.001.0001,
HOC-W0635,book,2020,"Woodside, Martin",,"Frontiers of Boyhood: Imagining America, Past and Future",University of Oklahoma Press,Norman,eng,978-0-8061-6476-2; 978-0-8061-6664-3; 978-0-8061-6642-1; 978-0-8061-9024-2,,https://www.oupress.com/9780806164762/frontiers-of-boyhood/,
HOC-W0638,book,2025,"Wright, Susannah",,"Youth and Peace in England, 1919–1969",Springer,Cham,eng,978-3-031-77265-8; 978-3-031-77266-5; 978-3-031-77268-9,10.1007/978-3-031-77266-5,https://doi.org/10.1007/978-3-031-77266-5,
HOC-W0639,book,2024,"Wu, Christina Jialin",,Des scouts en Malaisie britannique: une histoire de la mondialisation culturelle de la jeunesse,Presses de Sciences Po,Paris,fre,978-2-7246-4195-0; 978-2-7246-4197-4,,https://www.pressesdesciencespo.fr/fr/book/?gcoi=27246100796880,
HOC-W0641,book,2024,"Xu, Jing",,‘Unruly’ Children: Historical Fieldnotes and Learning Morality in a Taiwan Village,Cambridge University Press,Cambridge,eng,978-1-009-41627-6; 978-1-009-41625-2; 978-1-009-41626-9,10.1017/9781009416269,https://doi.org/10.1017/9781009416269,
HOC-W0643,book,2021,"Yalom, Marilyn","Yalom, Ben",Innocent Witnesses: Childhood Memories of World War II,Stanford University Press,"Stanford, California",eng,978-1-5036-1365-2; 978-1-5036-1404-8,,https://books.google.com/books?id=pmMGEAAAQBAJ,
HOC-W0645,book,2021,,"Yilmaz, Gülay; Zachs, Fruma",Children and Childhood in the Ottoman Empire: From the 15th to the 20th Century,Edinburgh University Press,,eng,978-1-4744-5538-1; 978-1-4744-5541-1; 978-1-4744-5540-4; 978-1-3995-0929-9,10.3366/edinburgh/9781474455381.001.0001,https://doi.org/10.3366/edinburgh/9781474455381.001.0001,
HOC-W0647,book,2024,"Zaborskis, Mary",,"Queer Childhoods: Institutional Futures of Indigeneity, Race, and Disability",New York University Press,"New York, NY",eng,978-1-4798-1387-2; 978-1-4798-1389-6; 978-1-4798-1391-9; 978-1-4798-1392-6,10.18574/nyu/9781479813919.001.0001,https://doi.org/10.18574/nyu/9781479813919.001.0001,
HOC-W0362,book,2025,"Zeavin, Hannah",,Mother Media: Hot and Cool Parenting in the Twentieth Century,MIT Press,"Cambridge, MA",eng,978-0-262-04955-9 978-0-262-38203-8,10.7551/mitpress/14223.001.0001,https://doi.org/10.7551/mitpress/14223.001.0001,
HOC-W0649,book,2017,"Zur, Dafna",,Figuring Korean Futures: Children’s Literature in Modern Korea,Stanford University Press,"Stanford, California",eng,978-1-5036-0168-0; 978-1-5036-0311-0,10.11126/stanford/9781503601680.001.0001,https://doi.org/10.11126/stanford/9781503601680.001.0001,
HOC-W0650,book,2023,刘媛,,上海儿童日常生活中的历史（1927-1937）,上海大学出版社,,zho,978-7-5671-4879-6,,https://shupress.cn/home/bookDetail.do?id=11540,
HOC-W0652,book,2024,大江平和,,近代中国における慈善事業から社会事業への展開―熊希齢と北京香山慈幼院,白帝社,,zho,978-4-86398-570-4,,https://www.hakuteisha.co.jp/book/b641333.html,
HOC-W0653,book,2025,张心科,,晚清新式蒙学教材研究：从传统蒙学到现代教育,华东师范大学出版社有限公司,,zho,978-7-5760-5532-0,,https://book.cppinfo.cn/Encyclopedias/home/index?id=4862131,
HOC-W0654,book,2021,王志庚; 朱自强,,民国时期儿童期刊汇编,国家图书馆出版社,,zho,978-7-5013-6922-5,,https://www.nlcpress.com/ProductView.aspx?Id=11182,
HOC-W0655,book,2026,李新元,,臺灣童軍史前史──日治時期臺灣少年團,秀威資訊,,zho,978-626-7511-22-0,,https://store.showwe.tw/books.aspx?b=148094,
HOC-W0656,book,2024,杨秀清,,敦煌壁画中的儿童生活,未来出版社,,zho,978-7-5417-7562-8,,https://ci.nii.ac.jp/ncid/BD09309455,
HOC-W0657,book,2020,"王, 子今",,插图秦汉儿童史,未来出版社,,zho,978-7-5417-6897-2,,https://ci.nii.ac.jp/ncid/BC06492471,
HOC-W0658,book,2018,王子今,,秦汉儿童的世界,中华书局,,zho,978-7-101-13077-5,,https://ci.nii.ac.jp/ncid/BB26691892,
HOC-W0659,book,2018,盧淑櫻,,母乳與牛奶：近代中國母親角色的重塑（1895－1937）,中華書局(香港)有限公司,,zho,978-988-8512-09-6,,https://www.chunghwabook.com.hk/book/detail/id/1242693466200326146,
HOC-W0660,book,2025,扈素妍,,植民地朝鮮と「出産の場」：産婆と胎教の衛生史,慶應義塾大学出版会,,zho,978-4-7664-3011-0,,https://www.keio-up.co.jp/book/b10164791.html,
HOC-W0661,book,2026,大石茜,,保育の帝国史：家族をめぐる統治の技法,岩波書店,,jpn,978-4-00-061740-6,,https://www.iwanami.co.jp/book/b10155815.html,
HOC-W0662,book,2026,陳虹彣,,台湾植民地支配と学校教育：学校文書と人物研究からみる公学校の歴史,明石書店,,zho,978-4-7503-6054-6,,https://www.akashi.co.jp/book/b674569.html,
HOC-W0663,book,2017,高振宇,,儿童史学论：中国近代儿童的学校生活研究：1902-1949,山东教育出版社,,zho,978-7-5328-9789-6,,https://books.google.com/books/about/%E5%84%BF%E7%AB%A5%E5%8F%B2%E5%AD%A6%E8%AE%BA.html?id=TJoW0gEACAAJ,
HOC-W0664,book,2022,黃子寧,,利益囡仔：臺灣基督長老教會的兒童教育與家庭教養（1865–1936）,稻鄉,,zho,978-626-9579-32-7,,https://www.sanmin.com.tw/product/index/010661963,
HOC-W0665,book,2023,黄天骄,,螽斯振振：生育视域下的古代医学,中国科学技术出版社,,zho,978-7-5046-9828-5,,https://dl.nanet.go.kr/detail/MONO32023000003382,
